inning,estimated_woba_using_speedangle,outs_when_up,Swing
6,0.357,2,
6,0.125,1,1
6,0.121,1,0
7,0.151,1,0
5,0.011,1,0
5,0.062,1,0
4,0.01,2,
5,0.025,0,0
5,0.159,2,
5,0.464,0,0
6,0.042,0,0
4,0.176,2,
5,0.435,1,0
4,0.003,1,0
4,0,2,
4,0.08,2,
4,0.044,0,
2,0.447,2,
4,0.203,0,0
3,0.094,2,
3,0.401,2,
3,0.019,1,0
3,0.2,0,0
3,1.663,0,0
2,0.312,1,0
2,0.01,2,
1,0.059,2,
1,0.388,2,
1,0.191,1,0
1,0.679,2,
1,0.013,0,0
1,0.003,0,0
1,0.283,0,0
6,0.003,0,1
6,0.033,0,0
5,0.154,0,0
5,0.478,1,0
5,0.679,0,0
4,0.004,1,0
4,0.223,0,0
2,0.039,2,
4,,2,
3,0.579,2,
3,0.447,0,0
2,0.055,1,0
3,0.224,2,
2,0.003,1,0
2,0.05,1,0
2,0.02,0,1
3,0.23,0,0
3,0.004,2,
2,0.068,1,0
2,0.157,1,0
1,0.165,2,
1,0.697,1,0
2,0.213,0,0
1,0.592,1,1
1,0.007,1,0
2,0.005,0,0
1,0.077,2,
1,0.72,0,1
1,0,0,0
1,0.506,0,0
6,0.041,2,
7,0.409,0,0
6,0.484,1,0
6,0.144,2,
5,0.01,2,
5,0.693,1,0
5,0.012,0,0
4,0.149,2,
5,0.121,0,1
6,0,0,0
4,0.005,1,1
4,0.093,2,
6,0.121,2,
3,0.053,2,
4,0.019,2,
4,0.314,1,0
3,0.409,2,
4,0.166,2,
3,0.061,2,
4,0.105,1,0
4,0.014,1,0
3,0.251,2,
3,0.472,0,0
2,0.208,2,
3,0.283,1,0
2,0.017,1,0
3,0.131,0,0
2,0.024,0,0
2,0.195,1,0
2,0.018,1,1
2,0.041,2,
2,0.113,2,
2,0.208,1,0
1,0.003,1,0
2,0.077,0,0
1,0.055,1,1
2,0.114,0,0
2,0.008,1,0
1,0.904,0,0
1,0.066,0,0
1,0.273,0,0
5,0.108,1,0
5,0.059,1,1
7,0.105,0,0
4,0.27,2,
5,0.077,1,0
4,0.024,0,0
4,0.28,2,
2,0,1,1
3,0.02,1,0
3,0.058,2,
4,0.713,0,0
2,0.059,2,
3,0.108,1,1
2,0.311,1,0
2,0.055,1,0
2,0.219,2,
2,0.059,1,1
2,0.572,0,1
2,0.062,1,0
2,0.388,0,0
1,0.015,2,
1,0.203,1,1
1,0.09,1,0
1,0.647,0,0
1,0.123,0,0
6,0.101,1,0
6,0.087,2,
6,0.035,1,0
6,0.097,0,1
5,0.205,0,0
7,0.33,2,
4,0.226,1,0
5,0.401,2,
4,0.269,2,
4,0.1,0,1
4,0.341,0,0
3,0.003,1,1
4,0.123,1,0
2,0.006,2,
4,0.566,1,1
4,0.035,0,1
3,0,2,
3,0.012,1,0
2,0.395,1,1
2,0.412,2,
3,0.105,0,0
3,0.019,0,0
2,0.116,1,0
1,0.536,1,0
2,0,0,0
1,0.319,1,0
1,0.23,1,0
1,0.062,0,0
1,0.18,0,0
1,0.017,0,0
6,0.305,2,
5,0.422,1,1
5,0.039,0,0
4,0,2,
4,0.222,2,
4,0.102,2,
4,0.208,0,0
5,0.527,0,0
4,0.078,0,0
3,0.005,2,
3,0.1,1,0
4,0.411,0,0
3,0.733,2,
3,0.006,2,
4,0.051,0,0
3,0.212,1,0
2,0.36,1,0
2,0.059,2,
2,0.241,2,
2,0.048,2,
2,0.071,1,1
1,0.034,2,
2,0.019,1,0
1,0.003,1,1
1,0.005,2,
1,0.159,1,0
1,0.118,0,0
1,0,0,0
1,0.572,0,0
1,0.083,0,0
5,0.325,2,
4,0.067,2,
4,0.094,1,0
3,0.116,2,
3,0.1,2,
3,0.012,0,0
3,0.126,0,0
2,0.064,1,0
2,0.01,2,
2,0.003,1,1
2,0.003,0,1
1,0.021,1,0
6,0.062,2,
6,0.156,0,0
6,0.054,0,0
5,0.003,1,0
5,0.123,1,1
5,0.208,0,0
5,0.226,1,0
4,0.007,2,
6,0.024,1,0
5,0.021,1,1
4,0.036,1,0
4,0.011,0,0
4,0.021,0,0
4,0.166,2,
4,0.052,2,
4,0.333,2,
4,0.017,1,1
4,0.392,0,0
2,0.003,2,
3,0.126,1,0
3,0.176,2,
3,0.478,2,
4,0.411,0,1
4,0.091,0,0
3,0.026,1,0
3,0.01,0,1
3,0.199,0,0
3,0.069,1,0
3,0.061,1,0
2,0.375,1,0
2,0.216,2,
2,0,2,
3,0.219,1,1
3,0.04,0,1
3,0.274,0,0
2,0,0,0
2,0.117,0,0
1,0.402,2,
1,,0,0
1,1.385,1,1
1,0.148,0,1
5,0.435,1,
6,0.167,2,
5,0.229,1,0
6,0.238,0,0
6,0.094,1,1
6,0.148,1,0
6,0.013,1,0
4,0.24,1,0
5,0.592,1,0
4,0.225,0,0
5,0.229,0,0
4,0,1,0
5,0.699,0,0
7,0.011,0,0
4,,1,1
4,0.111,0,1
3,0.015,0,0
3,0.111,1,0
5,0.062,2,
3,0.08,1,0
2,0.273,1,0
3,0.003,1,0
3,0,2,
2,0.022,1,1
2,0.785,2,
3,0.561,1,0
3,0.048,1,1
2,0.157,2,
2,0.536,2,
1,0.654,1,0
2,0.127,0,1
1,0.321,2,
1,0.284,1,0
1,0.085,0,1
1,0.131,0,0
1,0.011,0,0
1,0.088,0,0
6,0.01,2,
5,0.007,2,
6,1.545,1,0
6,0.003,1,1
6,0.191,2,
6,1.202,1,1
5,0.028,2,
5,0.159,2,
5,0.555,0,0
4,0.038,1,0
4,0.691,0,0
5,0.085,1,0
2,0.007,1,1
3,0.484,2,
3,0.02,1,0
4,0.003,0,0
2,0.402,2,
5,0.489,0,0
4,0.525,0,0
4,0.184,0,0
3,0.005,2,
3,0.557,2,
3,0.168,0,0
3,0.018,0,0
3,0.748,1,0
4,0.033,0,0
3,0.018,2,
3,0.02,0,0
2,0.003,1,0
2,0.569,1,1
3,0.021,0,0
3,0.039,1,0
3,0.118,0,0
1,0.231,2,
2,0.144,1,0
2,0.922,0,0
1,0.184,1,0
1,0.28,1,0
1,0.423,1,0
1,0.003,1,0
1,0.188,0,0
7,0.007,0,0
6,0.005,0,1
5,0.066,0,0
5,0.006,0,0
6,0.69,1,0
6,0.538,0,0
5,0.059,1,0
5,0.075,2,
5,0.01,1,1
4,0.065,0,0
3,0.092,2,
4,0.07,2,
5,0.024,0,0
3,0.785,2,
4,0.575,0,0
3,0.008,2,
3,0.171,1,1
2,0.173,2,
4,0.136,0,0
1,0.254,2,
2,0.413,1,0
1,0.03,2,
2,0.032,0,0
1,0.085,2,
1,0.083,2,
1,0.086,1,0
1,0.39,1,0
1,0.357,0,0
1,0.919,0,0
7,0.02,2,
5,0.252,1,0
6,0.178,2,
5,0.047,0,0
5,0.017,2,
5,0.185,2,
5,1.019,0,0
4,0.183,2,
5,0.201,0,0
6,0.397,0,0
5,0.177,0,0
3,0.094,1,0
4,0.098,2,
4,0.219,0,0
3,0.005,2,
4,0.142,1,0
2,0.534,2,
3,0.095,2,
3,0.053,1,1
3,0.558,0,0
3,0.02,1,0
2,0.225,1,0
2,0,0,1
2,0.03,0,0
1,0.126,2,
1,0.059,2,
1,0.292,1,0
1,0.727,0,0
5,0.162,1,1
6,0.008,0,1
6,0.003,0,0
5,0.152,1,0
6,0.364,2,
4,0.185,2,
5,0.071,2,
6,0.013,0,0
4,0.275,1,0
3,0.011,2,
6,0.557,0,1
4,0.262,2,
4,0.027,1,0
4,0.305,1,0
4,0.01,0,0
3,0.015,2,
3,0.046,2,
3,0.106,2,
3,1.75,0,1
4,0.232,0,1
3,0.334,0,0
1,0.321,2,
3,0.211,0,0
2,0.32,0,0
2,0.047,2,
1,0.008,2,
1,0.058,1,1
1,0.196,1,0
1,0.076,2,
1,0.36,0,0
7,0.47,0,0
5,0.119,0,0
4,0.386,2,
5,0.764,0,0
5,0.117,0,0
4,0.082,0,0
3,0.638,2,
4,0.159,1,0
3,0.073,1,0
3,0.307,2,
3,0.367,0,0
4,0.036,0,0
3,0.448,2,
3,0.051,2,
3,0,1,1
3,0.169,1,0
3,0.014,0,0
2,0.025,1,0
3,0.532,0,0
2,0.171,0,0
2,0.047,0,0
1,0.188,2,
1,0.084,1,0
1,0.019,1,0
1,0.243,1,0
8,0.018,1,0
7,0.021,0,0
6,0.003,0,0
5,0.005,2,
5,0.443,1,0
5,0.308,2,
5,0.111,0,1
5,0.222,2,
5,0.08,2,
6,0.139,2,
5,0.161,2,
5,0.003,0,0
4,0,2,
5,0.005,0,0
6,,0,0
5,0.126,0,0
3,0.056,2,
4,0.805,0,0
3,1.045,2,
2,0.018,2,
4,0.416,0,0
4,0.614,1,0
3,0.005,0,0
2,0.126,2,
2,0.983,0,0
2,0.429,0,0
2,0.09,0,0
1,0.684,2,
1,0.828,2,
1,0.003,1,1
1,0.318,1,0
1,0.042,0,1
1,0.979,0,0
1,0.015,0,0
6,0.133,1,1
6,0.014,1,0
5,0.553,2,
5,0.126,0,0
4,0.095,2,
5,0.305,1,0
4,0.194,2,
5,0.369,0,0
5,0.081,0,0
5,0.028,2,
4,0.138,1,0
4,0.078,2,
3,0.003,1,1
4,0.005,0,0
3,0.129,2,
4,0.102,2,
4,0.416,2,
2,0.123,2,
3,0.024,1,1
3,0.108,1,0
3,0.383,0,0
2,0.003,2,
2,0.32,1,1
2,0.242,2,
1,0.18,2,
2,0.221,0,0
2,0.215,0,0
1,0.003,2,
2,0.063,0,0
1,0.222,2,
1,0.036,1,0
5,0.14,2,
5,0.098,2,
6,0.207,1,0
6,0.186,1,0
6,0.07,1,1
6,0.201,1,0
7,0.003,0,0
4,0.093,2,
5,0.139,0,1
4,0.007,2,
4,0.21,1,0
3,0.759,1,0
4,0.031,0,0
5,0.085,0,0
4,0.536,1,0
4,0.045,0,0
4,0.397,0,0
3,0.113,0,0
3,0.405,2,
3,0.423,1,0
3,0.111,1,0
2,0.117,2,
3,0.251,0,0
3,0,0,0
2,0.569,1,0
2,0.642,1,1
2,0.021,0,0
1,0.187,2,
1,0.082,0,1
1,0.219,2,
2,0.029,2,
1,0.25,2,
1,0,2,
2,0.075,0,0
1,0.01,2,
1,0.536,2,
1,0.007,0,0
6,0.255,2,
6,0.402,1,0
5,0.134,1,0
3,0.483,2,
3,0.149,0,0
4,0.046,1,0
3,0.273,2,
3,0.008,2,
2,0.354,2,
3,0.208,1,0
3,0.857,1,0
2,0.175,2,
1,0.098,1,1
1,0.006,0,0
6,0.533,1,0
6,0.005,0,1
7,1.202,1,0
6,0.008,1,0
5,0.273,2,
5,0.545,2,
5,0.556,1,0
4,0.312,0,0
5,0.144,0,1
5,0.401,1,1
5,0.03,1,0
4,0.062,2,
4,0.022,2,
5,0.018,1,0
4,0.275,1,0
3,0.506,1,1
3,0.008,2,
4,0.231,0,0
4,1.55,2,
4,0.01,2,
4,0.216,1,1
3,0.123,1,0
4,0.037,0,0
3,0.458,2,
3,0.006,2,
4,0.003,0,0
3,0.152,2,
3,0.033,1,1
3,0.129,1,1
2,0.147,1,0
2,0.093,0,1
2,0.568,2,
3,0.106,0,0
2,0.03,0,0
2,0.491,2,
2,0.057,0,0
2,0.941,1,0
1,1.282,1,0
1,0.452,1,0
1,0.225,0,0
1,0,0,0
1,0.306,0,0
6,0.265,1,0
5,0.691,2,
6,0.544,2,
5,0.1,1,0
5,0.077,2,
6,0.213,2,
6,0.736,0,1
5,0.058,1,0
5,0.067,1,1
5,0.357,1,0
4,0.006,0,1
3,0.253,2,
5,0.425,0,0
4,0.733,0,1
4,0.059,2,
3,0.107,2,
4,0.058,0,0
4,0.569,2,
3,0.248,2,
3,0.189,1,0
3,0.07,0,0
3,0.216,0,0
3,0.054,2,
2,0.32,1,0
3,0.009,2,
2,0.109,0,0
2,0.321,2,
3,0.879,2,
2,1.567,1,1
3,0.063,0,0
1,0.121,2,
3,0.095,0,0
2,0.397,1,0
2,0.357,2,
2,0,0,0
2,0.052,0,0
2,0.387,2,
1,0.136,2,
1,0.45,2,
1,0.082,1,0
1,0.942,2,
1,1.146,2,
1,0.355,0,0
1,0.121,0,0
1,0.741,0,0
1,0.129,0,0
6,0.763,1,0
6,0.059,1,1
5,0.01,2,
8,0.506,2,
8,0.051,1,1
6,0.78,1,0
5,0.509,1,0
5,0.452,0,1
5,0.029,2,
5,0.471,1,0
3,0.643,2,
5,0.121,2,
5,0.875,0,
3,0.887,2,
4,0.095,1,1
3,0.684,0,0
3,0,0,0
3,0.01,0,0
1,0.898,1,0
2,0.397,0,0
2,0.114,0,0
1,0.979,0,1
1,0.008,1,0
7,0.203,1,0
6,0.205,1,0
5,0.043,1,0
4,0.165,1,0
6,0.519,2,
5,0.077,0,0
5,0.511,1,0
7,0.2,0,0
5,0.357,0,0
4,0.051,2,
4,0.208,1,0
5,0.108,1,0
4,0.076,0,0
3,0.152,2,
4,0.661,0,1
4,0.19,0,0
4,0.12,1,0
5,0.407,0,0
3,0.025,1,0
4,0.257,1,1
3,1.204,1,1
3,1.079,1,0
3,0,0,1
2,0.077,1,0
3,0.167,0,0
3,0.18,1,0
2,0.067,0,0
2,0.116,1,0
2,0.078,2,
2,0.273,0,0
1,0.053,2,
1,0.247,2,
2,0.054,1,0
1,0.205,2,
1,0.007,1,0
1,0.021,2,
1,0,1,0
1,0.355,1,1
1,0.169,2,
1,0.304,0,0
1,0.253,0,0
6,0.602,1,0
7,0.153,1,0
6,0.432,2,
4,0.065,2,
5,0.094,2,
6,0.097,2,
6,0.073,2,
6,0.646,1,0
5,0.211,0,1
4,0.245,2,
5,0.114,2,
4,0.16,2,
3,0.633,2,
5,0.033,2,
5,0.015,1,0
4,0,2,
4,0.013,0,0
4,0.003,0,0
3,0.304,2,
4,0.129,2,
4,0.003,1,1
4,0.116,2,
4,0,0,0
3,0.229,2,
3,0.011,1,0
3,0.009,2,
3,0.136,0,0
2,0.082,2,
2,0.093,1,1
2,0.28,2,
1,0.165,2,
2,0.053,1,0
3,0.06,0,0
2,0.015,0,0
3,0.116,0,0
2,0.418,2,
2,0.785,0,0
2,0.09,1,0
1,0.031,1,0
1,0.144,1,0
1,0.459,1,0
1,0.095,0,0
1,0.029,0,0
1,0.075,0,0
1,0.506,0,0
6,0.098,2,
6,0.672,1,0
6,0.033,1,0
6,,2,
5,0.06,2,
5,0.003,1,1
6,0.265,2,
5,0,1,0
4,0.003,2,
4,0,1,1
4,0.179,0,0
6,0.614,1,1
6,0.003,2,
5,0.039,2,
6,0.073,0,0
6,0.103,0,0
5,0.049,0,1
4,0.249,1,
5,0.304,2,
4,0.519,2,
3,0.007,1,1
4,0.011,1,0
3,0.003,2,
3,0.299,1,1
4,0.183,0,0
3,0.569,2,
3,0.031,1,0
3,0.734,1,0
4,0.097,2,
3,0.015,1,0
3,0.086,0,0
2,0.602,0,0
2,0.003,0,0
2,0.101,1,0
2,0.629,0,0
2,0.157,2,
2,0.082,0,0
2,0.316,1,0
2,0.276,0,0
2,1.227,0,0
1,0.008,1,0
1,0.289,1,0
1,0.409,0,0
1,0.034,1,0
1,0.003,2,
1,0.254,0,0
1,0.259,2,
1,0.071,1,1
1,0.499,0,0
1,0.015,0,0
5,0.154,2,
6,1.877,2,
6,0.094,1,1
7,0.147,0,0
5,0.02,2,
5,0.037,1,1
6,0.005,0,0
5,0.368,2,
5,0.08,2,
5,0.208,1,1
4,0.169,0,0
6,0.256,2,
4,0,2,
5,0.096,0,0
4,0.279,1,1
3,0.017,2,
3,0.033,2,
4,0.53,2,
3,0.033,0,0
4,0.702,0,0
3,0.328,0,0
3,0.134,1,0
3,0.486,0,0
2,0.132,1,0
2,0.356,0,0
1,0.055,1,0
1,0.013,1,0
1,0.211,0,0
7,0.029,2,
7,0.193,1,0
8,0.003,1,0
6,0.003,2,
6,0.868,1,1
6,0.295,0,0
5,0,0,0
4,0.025,0,0
5,0.165,0,0
5,0.291,2,
3,0.003,2,
5,0.276,1,0
4,0.051,2,
2,0.072,2,
4,0,2,
4,0.021,1,1
4,0.01,1,0
3,0,0,0
4,0.003,1,0
3,0.219,0,0
4,0.21,1,0
3,0.201,0,1
2,0.082,2,
3,0.866,0,1
3,0.055,1,0
2,0.087,2,
3,0.024,0,0
1,0.044,1,0
2,0.556,1,0
2,0.029,1,0
1,0.498,1,1
1,0.113,1,0
1,0.003,1,0
1,0.075,0,0
1,0.013,0,0
5,0.751,2,
6,0.243,0,0
7,0.085,1,1
6,1.171,0,0
5,0.484,1,0
5,0.017,2,
5,0.006,1,0
4,0.06,1,
5,0.484,2,
4,0.193,2,
3,0.283,2,
4,0.052,0,0
4,0.113,1,0
4,0.012,2,
4,0.464,2,
3,0.092,2,
4,0.139,2,
4,0.219,2,
4,0.057,1,1
4,0,0,0
3,0.488,1,1
3,0.048,1,0
4,0.138,2,
3,0.525,1,0
2,0.859,2,
3,0.214,1,0
2,0.134,1,0
4,0.028,0,1
2,0.131,0,0
3,0.008,0,0
3,0.138,1,0
2,0.003,2,
1,0.441,2,
2,0.28,1,0
2,0.013,0,0
1,0.093,2,
1,0.537,1,0
1,0,0,0
1,0.021,1,0
1,0.237,1,1
1,0.057,0,0
1,0.003,0,0
7,0.01,2,
7,0.119,2,
5,0.183,2,
6,0.72,1,0
5,0.098,0,0
5,0.187,2,
5,0.578,1,0
4,0.01,1,0
4,0.005,0,0
4,0.046,1,0
6,0.719,0,0
4,0.067,0,0
5,0.141,1,0
5,0.057,0,0
5,0.023,0,0
3,0.017,0,1
4,0.126,0,0
4,0.355,1,1
4,0.059,1,0
3,0.062,2,
3,0.003,1,0
3,0.018,0,1
3,0.864,0,1
3,0.214,2,
3,0.51,1,0
3,0.003,0,0
2,0.044,2,
2,,2,
2,0.452,0,0
2,0.339,0,0
2,0.17,0,0
2,0.018,0,0
1,0,2,
2,0.464,1,0
1,0.296,1,0
1,0.28,2,
1,0.139,0,1
1,0.009,0,0
5,0.428,0,0
6,0.025,1,0
6,0.006,2,
7,0.629,1,0
6,0.801,0,0
4,0.003,0,0
5,0.031,1,1
5,0.734,0,0
6,0.781,1,0
5,0,2,
4,0.025,1,0
3,0.084,2,
6,0.047,0,0
6,0.82,0,0
3,0.323,2,
3,0.014,1,1
3,0.005,2,
4,0.044,0,1
2,0.387,2,
2,0.098,1,0
3,0.583,1,0
2,0.58,0,0
2,0.014,0,0
2,0.73,1,0
1,0.137,2,
2,0.093,0,0
1,0.034,2,
2,0.011,0,0
1,0.225,1,0
1,0.147,1,0
2,0.004,0,0
1,0.152,2,
1,0.152,2,
1,1.421,1,0
1,0.095,1,0
1,0.123,0,0
1,0.018,0,0
9,0.432,2,
9,0.325,2,
6,0.469,0,
5,0.047,1,1
9,0.383,0,0
5,0.039,2,
5,0.105,2,
4,0,1,1
3,0.495,0,1
4,0.337,2,
6,0.01,1,1
4,0.074,2,
3,0.231,0,0
4,0.655,0,0
5,0.095,0,0
4,1.677,0,0
3,0.69,2,
4,0.234,1,1
3,0.026,1,0
4,0.507,0,0
3,0.213,0,1
4,0.357,0,0
3,0.033,2,
4,0.378,1,0
4,0.152,0,0
4,0.185,2,
3,0.187,1,0
3,0.393,0,0
3,0.107,2,
3,0.003,0,0
2,0.018,1,1
3,0.324,1,0
3,0.005,0,0
2,0.014,0,0
2,0.868,1,0
2,0.031,2,
2,0.896,1,0
2,0.082,0,0
2,0.247,0,0
1,0.118,1,0
1,0.012,1,0
1,0.216,0,0
6,0.412,2,
6,0.126,2,
7,0.332,2,
7,0.049,0,0
6,0.333,0,1
6,0.044,2,
6,0.323,1,0
7,0.429,1,1
6,0.01,1,0
4,0.127,1,1
5,0.123,2,
4,0.003,1,1
5,0.124,2,
4,0.041,2,
5,0.021,2,
4,0.101,2,
5,0.071,0,0
5,0.159,2,
4,0.229,2,
4,0.232,2,
5,0.818,1,0
5,0.012,1,0
3,0.395,2,
6,0.118,0,0
4,0.01,0,0
4,0,2,
5,0.057,2,
5,0.866,1,1
4,0.038,1,0
3,0.082,0,0
3,0.507,2,
3,0.734,2,
4,0.054,1,0
4,0.031,1,0
3,0.152,1,0
3,0.064,1,0
3,0.469,0,0
2,0.44,2,
2,0.154,2,
2,0,2,
3,0.106,1,0
2,0.088,1,0
2,0.018,0,0
2,0.075,1,0
2,0.111,1,0
1,0.232,2,
2,0.208,0,0
2,0.396,1,0
1,0.117,2,
1,0.423,2,
1,0.824,1,0
1,0.016,1,0
1,0.034,1,0
1,0.049,0,0
6,0.148,2,
7,0.101,1,1
6,0.465,1,1
6,0.231,2,
6,0.323,2,
5,0.515,1,0
4,0.309,2,
5,0.778,1,0
4,0.249,2,
3,0.212,1,0
4,0.01,1,0
4,0.008,2,
2,0.472,2,
2,0.014,1,0
4,0.051,2,
4,0.11,0,1
3,0.012,1,0
3,0.071,0,0
2,0.014,1,0
2,0.059,1,1
2,0.224,0,0
1,0.563,2,
2,0.09,0,0
1,0.144,0,0
6,0.574,0,0
6,0.005,2,
5,0.075,2,
5,0.009,1,0
5,0.115,0,1
4,0.402,2,
5,0.209,1,0
5,0.051,0,1
4,0.03,1,1
5,0.213,1,0
3,0.323,0,0
3,0.193,1,0
3,0.031,0,0
3,0.445,0,0
3,0.37,1,0
3,0.106,0,0
2,0.024,1,0
2,0.022,0,1
2,0.164,0,1
3,0.612,0,0
2,0.01,1,0
2,0.434,0,0
1,0.498,2,
1,0.208,2,
1,0.168,2,
1,0.014,2,
1,0.536,0,0
1,0.383,0,0
6,0.484,2,
5,1.944,1,0
6,0.329,1,1
5,0.033,2,
4,0.041,2,
6,0.336,2,
6,0.198,0,1
5,0.08,0,0
6,0.308,1,0
6,0.012,0,1
6,0.773,0,0
5,0.256,2,
4,0.008,2,
3,0.464,1,0
4,0.574,2,
4,0.216,2,
5,0.014,0,0
4,0.003,1,0
4,0.47,2,
3,0.034,2,
3,0.964,2,
5,0.012,0,0
3,0.08,0,0
3,0.005,2,
3,0.003,2,
4,0.253,0,0
3,0.383,2,
4,0.257,0,0
3,0.035,1,0
3,0.219,2,
2,0.064,2,
3,0.697,0,0
2,0.742,0,0
3,0.306,0,0
2,0.469,2,
2,0.705,0,0
2,0.265,1,0
2,0.807,0,0
1,0.075,2,
1,0.241,1,0
2,0.942,0,1
1,0.01,2,
1,0.006,0,0
1,0.514,1,1
1,0.134,0,0
1,0.134,0,0
1,0.164,0,0
1,0.24,0,0
6,0.102,2,
6,0.059,0,0
5,0.037,0,1
5,0.004,0,0
5,0.105,0,0
6,0.022,1,0
6,0.246,1,0
6,0.638,1,0
5,0,2,
5,0.025,1,0
5,0.484,0,0
5,0.003,0,0
4,0.636,0,0
2,0.37,2,
4,0.077,1,0
4,0.185,0,0
3,0,2,
2,0.255,2,
2,0.121,2,
3,0.231,1,0
3,0.148,0,0
4,0.244,0,0
2,0.039,2,
2,0.583,1,0
2,0.345,2,
2,0.149,1,0
3,1.357,0,0
2,1.217,1,0
2,0.219,1,1
1,0.022,2,
2,0.347,0,1
2,0.003,0,0
1,0.009,2,
1,0.129,1,0
1,0.084,1,0
1,0.165,0,0
1,0.279,0,0
1,1.052,0,0
1,0.003,0,0
6,0.301,2,
6,0.003,0,0
5,0.189,1,0
4,0.306,2,
4,0.713,1,1
5,0.184,2,
7,0.003,0,0
6,0.306,2,
6,0.422,0,0
6,0.273,2,
5,0.736,2,
6,0.579,2,
5,0.239,1,1
4,0.141,1,1
5,0.039,1,0
4,0.068,1,0
3,0.836,2,
4,0.203,2,
4,0.265,1,0
4,0.154,2,
4,0.033,0,0
3,0.332,1,0
3,0.098,2,
4,0.183,2,
3,0.073,2,
3,0.64,2,
3,0.202,0,0
3,0.574,2,
2,0.065,0,0
1,0.01,2,
2,0.003,0,0
1,0.064,2,
2,0.558,2,
2,0,0,0
2,0.147,0,0
2,0.2,2,
1,0.152,2,
2,0.201,0,0
1,1.019,2,
1,0.008,1,0
1,0.538,1,0
1,0.158,0,0
1,0.125,0,0
5,0.013,1,1
7,0.055,2,
6,0.112,2,
5,0.385,2,
7,0.077,2,
6,0.804,0,0
7,0.085,2,
6,0.119,0,0
5,0.617,2,
5,0.061,1,1
6,0.098,0,0
5,0.141,0,1
4,0.044,2,
5,0.1,2,
6,0.106,0,0
4,0.231,2,
7,0.104,1,0
4,0.525,2,
6,0.628,1,1
4,0.242,0,1
5,0.011,0,0
5,0.763,1,0
4,0.086,0,0
2,0.066,2,
4,0.069,0,0
4,1.046,1,0
4,0.108,1,0
4,0.049,2,
4,0.082,0,0
2,0.223,2,
2,0.217,0,0
1,0.108,2,
3,0.034,0,0
1,0.302,2,
1,0.212,2,
2,0.129,0,0
1,0.03,2,
1,0.159,2,
1,0.234,0,0
1,0.049,0,0
8,0.014,1,0
7,0.115,0,0
6,0.046,2,
6,0.003,1,0
6,0.524,0,0
4,0.061,1,1
6,0.086,0,1
5,0.034,2,
5,0.022,0,1
6,0.199,0,0
5,0.555,2,
5,0.24,2,
4,0.465,0,0
5,0.011,1,1
4,0.062,2,
5,0.304,1,0
4,1.357,2,
5,0.623,2,
4,0.008,0,0
4,0.28,1,1
5,0.193,1,1
4,0.561,1,0
3,0.071,2,
3,0.041,0,0
2,0.231,2,
4,0.267,0,0
3,0.471,2,
3,0.859,1,0
3,0.487,1,0
3,0.402,0,1
1,0.129,2,
2,0,2,
1,0.015,1,0
2,0.82,0,0
2,0.208,1,0
1,0.012,2,
1,0.681,1,0
1,0.538,1,0
1,0.182,0,0
1,0.254,0,0
1,0.148,0,0
7,0.006,0,0
4,0.009,2,
6,0.008,0,0
5,0.566,2,
7,0.273,2,
5,0.7,0,0
4,0.003,1,0
4,0.141,0,0
4,0.007,1,1
4,0.01,1,0
6,0.25,0,0
4,0.015,2,
3,0.156,2,
3,0.003,2,
3,0.044,2,
3,0.021,2,
3,0.036,1,0
3,0.105,2,
3,0.07,0,0
3,0.425,0,0
2,0.108,2,
2,0.229,2,
1,0.319,2,
3,0.442,1,0
2,0.341,2,
2,0.495,0,0
2,0.484,2,
2,0.015,0,1
1,0.088,1,0
1,0.021,1,1
1,0.059,0,0
1,0.125,1,0
1,0.161,0,1
1,0.152,2,
1,0.632,1,0
1,0.071,0,1
6,1.423,2,
8,0.084,1,1
7,0.167,0,0
6,0,1,0
6,0.319,1,0
6,0.08,0,0
5,0.156,1,0
5,0.273,0,1
5,0.165,0,0
6,0.17,0,1
4,0.253,1,0
4,0.254,0,1
4,0.015,1,0
4,0.28,2,
4,0.077,0,0
2,0.015,1,0
3,0.046,2,
3,0.172,1,0
5,0.09,0,0
3,0.021,2,
4,0.469,2,
4,0.152,0,1
3,0.038,2,
3,0.119,1,0
2,0.465,2,
2,0.005,1,0
2,0.022,2,
2,0.03,2,
2,0.07,1,1
2,0.008,0,1
2,0,2,
2,0.553,0,0
2,0.532,0,0
2,0.764,2,
2,0.159,2,
1,0.113,2,
1,0.05,2,
1,0.007,0,0
1,0.046,1,0
1,0.515,0,0
1,0.007,0,0
1,0,0,0
6,0.041,1,0
5,0.111,1,0
5,0.801,0,1
5,0.037,2,
5,0.496,2,
5,0.089,1,0
5,0.387,0,0
4,0.066,2,
4,0.332,1,0
4,0.032,0,0
4,0.014,1,0
4,0.206,1,1
3,1.46,1,0
4,0.013,2,
3,0.829,1,0
4,0.538,1,1
4,0.18,0,0
2,0.09,2,
4,0.532,1,1
4,1.315,1,1
3,0.019,2,
3,0.089,2,
3,0.44,1,0
2,0.781,1,0
3,0.017,0,0
2,0.312,2,
2,0.318,0,0
2,0.062,1,0
2,0.096,0,0
2,1.426,0,0
2,0.186,0,0
1,0.338,2,
1,0.004,1,0
1,0.4,2,
1,0.115,1,1
1,0.433,1,0
1,0,0,0
1,0.014,1,0
1,0.044,1,0
1,0.191,0,0
6,0.412,0,0
6,0.016,2,
6,0.319,0,0
6,0.193,1,0
6,0.104,1,1
4,0.041,2,
5,0.741,1,0
5,0.257,2,
5,0.275,1,1
5,0.648,2,
5,0.248,1,0
5,0.066,0,0
4,0.67,2,
4,1.127,2,
3,0.081,2,
3,0.08,1,0
4,0.044,0,0
3,0.054,0,0
2,0.087,2,
2,0.411,2,
1,0.081,2,
8,0.064,0,0
6,0.072,2,
5,0.124,0,0
5,0.165,0,0
4,0.003,2,
5,,2,
4,0.005,2,
4,0.126,2,
3,0.009,0,1
4,0,0,0
4,0.393,0,1
3,0.162,2,
3,0.109,1,0
3,0.449,1,0
3,0.096,2,
2,0.203,1,0
3,0.106,0,0
3,0.227,0,0
3,0.272,1,1
3,0.283,0,0
3,0.049,1,0
2,0.395,2,
3,0.409,0,0
1,,1,0
2,0.021,1,0
1,0.367,2,
1,0.405,2,
1,0.116,2,
1,,0,0
1,0.064,2,
1,0.389,1,0
1,0.302,0,0
1,0.763,0,0
1,0.193,0,0
9,0.308,1,0
7,0.206,2,
6,0.003,2,
7,0.553,1,0
6,0.003,0,0
5,0.082,2,
6,0.046,1,1
6,0.071,2,
5,0.479,2,
7,0.008,1,0
5,0.496,2,
5,0.016,0,0
4,0.005,0,0
6,0.204,1,0
5,0.231,2,
6,0.375,1,0
4,0.552,0,0
3,0.007,0,0
5,0.006,0,0
3,0.484,0,0
3,0.032,0,0
2,0.198,2,
3,0.003,1,0
3,0.187,1,0
2,0.094,2,
2,0.965,0,1
2,0.003,1,0
1,0.068,2,
2,0.206,0,0
1,0.011,1,0
1,0,0,1
1,0.009,2,
1,0.656,1,1
1,0.328,0,0
1,0.126,0,1
1,0.187,0,0
1,0.983,0,0
6,0.131,2,
5,0.221,0,0
5,0.428,2,
5,0.418,1,0
5,0.062,0,0
9,0.385,0,0
6,0.197,2,
7,0.732,1,0
4,1.127,2,
5,0.203,0,
6,0.278,2,
3,0.747,2,
4,0.173,1,0
3,0.617,2,
6,0.129,0,0
3,0.003,2,
2,0.041,2,
5,0.049,0,0
4,0.029,1,1
2,0.003,1,0
3,0.024,1,1
3,0.087,2,
3,0.046,0,0
4,0.195,0,0
3,0.054,1,0
2,0,1,1
4,0.104,1,0
1,0.003,1,0
2,0,1,0
2,0.225,2,
2,0.198,0,1
1,0.208,1,0
1,0.164,2,
2,0.003,0,0
1,0.005,0,0
1,0.209,0,0
1,0,0,0
1,0.231,0,0
5,0.343,2,
6,0.105,2,
5,0.655,1,1
5,0.259,1,1
5,0.078,0,0
4,0.795,2,
4,0.184,1,0
4,0.133,1,0
3,0.049,2,
3,0.1,1,0
4,0.021,0,1
4,0.003,0,0
2,0.051,0,0
2,0.1,1,0
2,0.019,1,0
1,0.019,2,
2,0.083,0,0
1,0.082,0,0
2,0.569,0,0
1,0,1,0
1,0.106,2,
1,0.057,1,1
1,0,0,0
6,0.164,0,0
7,0.133,1,1
6,0.556,1,1
6,1.507,2,
4,0.252,2,
5,0.116,2,
5,0.418,2,
4,0.291,2,
5,0.003,1,0
4,0.094,2,
5,0.203,0,0
5,0.127,2,
4,0.021,1,0
3,0.193,2,
4,0.035,1,0
2,0.003,1,0
3,0.412,1,0
3,0.597,2,
3,0.015,0,0
4,0.054,0,0
4,0.041,0,0
3,0.005,2,
3,0.014,0,0
2,0.094,0,0
2,0.041,1,1
2,0.047,2,
2,0.366,1,0
2,0.262,0,0
2,0.003,0,0
1,0.064,2,
2,0.166,1,0
1,0.062,1,1
1,0.09,1,0
1,0.01,0,0
1,0.03,0,0
1,0.053,0,0
1,0.275,0,0
6,0.106,1,0
6,0.005,2,
7,0.096,0,0
6,0,1,1
7,0.412,2,
6,0.074,1,0
4,0.449,1,0
6,0.013,0,0
5,0.553,2,
6,0.023,0,0
6,0.041,0,0
6,0.059,1,0
5,0.166,0,0
6,0.165,0,0
4,0.569,2,
4,0.082,2,
5,0.134,2,
5,0.006,1,0
5,0.248,1,0
4,0.053,2,
3,0.452,1,1
3,0.299,2,
4,0.208,2,
4,0.09,0,0
4,0.062,1,1
4,0.099,2,
4,0.734,0,0
3,0.428,1,0
4,0.01,1,0
3,0.037,0,0
2,0.013,2,
3,0.256,2,
3,0.217,1,0
2,0.144,0,0
2,0.122,2,
2,0.049,2,
2,0.104,1,0
1,0.536,1,0
1,0.188,2,
2,0.182,0,0
2,0.357,1,0
1,0.1,2,
1,0.036,2,
1,0.637,1,0
1,0.051,1,0
1,0.003,1,0
1,0.02,0,0
1,0.251,0,0
1,0.361,0,0
5,0.597,0,0
4,0.013,1,0
4,0.506,2,
3,0.055,2,
3,0.171,0,0
5,0.442,0,0
3,0.024,0,0
4,0.129,2,
3,0.107,2,
2,0.563,2,
4,0.058,0,0
2,0.085,2,
2,0.138,0,0
1,0.094,2,
2,0.348,0,0
2,0.089,0,1
1,0.643,2,
1,0.269,1,0
1,0.111,0,0
1,0.223,1,0
1,0.025,0,0
5,0.101,1,0
4,0.003,2,
4,0.516,1,0
5,0.196,0,1
5,0.003,1,1
6,0.47,2,
5,0.005,1,0
3,0.115,1,0
4,0.507,2,
5,0.399,1,0
4,0.068,0,1
5,0.508,0,0
4,0.368,2,
4,0.136,0,0
5,0.321,1,0
2,0.296,2,
4,0.017,0,0
4,0.003,1,0
3,0.447,2,
2,0.536,2,
2,0.134,2,
1,0.013,2,
1,0.01,1,1
1,0,1,0
1,0.345,0,0
1,0.135,0,1
1,0.198,1,0
1,0.031,0,0
1,0.093,0,0
9,0.703,2,
7,0.127,0,1
8,0.602,2,
8,0.412,1,1
8,0.265,0,1
7,0.152,0,1
6,0.003,2,
6,0.527,1,0
5,0.531,2,
4,0.3,2,
5,0.63,1,1
4,0.532,1,0
5,0.383,1,0
4,0.583,2,
4,0.095,2,
3,0.02,1,1
5,0.422,0,0
3,0.08,1,0
4,0.074,2,
5,0.058,1,0
4,1.565,0,0
3,0.049,1,1
3,0.006,2,
4,0.047,2,
4,0.075,0,0
3,0.214,0,0
3,0.051,2,
3,0.044,2,
2,0.258,1,1
2,0.105,2,
2,0.025,2,
2,0.267,1,1
3,0.679,2,
2,0.084,2,
3,0.177,0,1
3,0.484,2,
2,0.114,2,
3,0.008,0,0
3,0.054,0,0
2,0.097,2,
2,0.082,1,1
2,0.003,1,0
2,0.095,2,
1,1.82,1,0
1,0.329,0,1
1,0.153,1,0
1,0.734,0,0
1,0.213,1,0
1,0.069,0,0
6,0.422,2,
7,0.938,1,0
5,0.018,2,
4,0.709,1,0
5,0.555,1,1
6,0.066,1,1
6,0.063,1,0
5,0.055,0,0
5,0.108,0,0
3,0.003,2,
4,,2,
5,0.083,0,0
4,0.008,2,
4,1.567,0,0
4,0.62,2,
3,0.868,1,0
4,0.007,1,0
3,0.03,2,
2,0.07,0,0
3,0.179,1,0
4,0.012,0,0
2,0.315,2,
2,0.902,0,0
3,0.005,0,0
3,0.005,0,1
3,0.304,0,0
1,0.02,1,0
2,0.705,1,0
2,0.013,1,0
1,0.32,2,
2,0.265,0,0
1,0.003,2,
1,0.082,1,0
1,0.141,0,0
9,0.254,1,1
8,0.005,2,
6,0.663,1,0
6,0.231,0,0
6,0.221,1,1
5,0.408,1,0
5,,1,0
4,,1,1
4,0.154,2,
4,0.696,2,
5,0.113,1,0
5,0.207,2,
4,0,0,1
4,0.141,2,
4,0.091,2,
4,0.622,1,1
2,0.45,2,
2,0.03,1,1
3,0.074,1,0
4,0.156,0,0
4,0.423,1,0
2,0.538,2,
2,0.003,0,0
4,0.007,0,0
3,0.836,0,0
2,0.226,0,0
2,,2,
2,0.457,1,0
2,0.257,0,0
2,0.011,1,0
2,0.048,0,1
1,0.366,1,1
3,0.018,0,0
1,0.507,2,
2,0.141,0,0
1,0.552,1,0
1,,0,0
1,0.08,0,0
5,0.016,2,
5,0.279,1,0
6,0.498,2,
7,0.106,0,0
9,0.276,2,
6,0.082,2,
5,0.049,2,
9,1.148,0,0
5,0.152,0,0
4,0.133,0,0
5,0.113,1,0
4,0.428,2,
4,0.062,2,
4,0.058,1,0
4,0.054,0,0
4,0.075,2,
4,0.562,1,0
4,0.006,0,0
4,0.244,2,
4,1.849,2,
5,0.963,2,
3,0.061,1,0
3,0.15,1,
4,0.141,2,
4,0.014,0,0
4,0.801,0,0
4,0.726,0,0
3,0.553,1,0
4,0.101,1,0
2,0.1,2,
1,0.09,2,
2,0.034,2,
2,0.044,0,1
2,0.118,2,
1,0.24,2,
2,0.025,0,1
2,0.145,1,0
2,0.206,0,0
1,0,2,
1,0.019,0,1
6,0.736,2,
5,0.005,1,0
6,0.026,0,0
6,0.558,1,0
5,0.404,1,0
5,0.283,2,
6,0.049,1,0
4,0.057,2,
4,0.077,2,
4,0.054,2,
2,0.029,2,
3,0.008,1,0
4,0.034,0,0
3,0.911,1,0
3,0.142,2,
2,0.003,2,
3,0.108,0,0
2,0.005,0,0
1,0.448,2,
2,0.14,0,0
1,0.339,2,
2,0.071,0,0
2,0.039,0,0
1,0.011,1,1
1,0.016,0,1
1,0.543,0,0
1,0.245,0,1
1,0.012,0,0
1,0.1,0,0
7,0.013,2,
6,0.532,0,0
7,0.269,0,0
7,0.044,0,0
5,0.633,1,0
5,0.099,1,1
4,0.467,0,0
4,0.186,0,0
3,0.124,0,0
2,0.116,0,0
2,0.183,0,1
1,0.04,2,
1,0.556,2,
9,0.095,1,1
6,0.185,2,
5,0.144,2,
8,0.083,2,
6,0.195,2,
6,0.01,1,1
5,0.021,0,0
5,0.177,2,
4,0.141,2,
5,0.108,2,
6,0.037,0,0
5,0.119,0,0
4,0.459,1,0
4,0.153,0,1
4,0.56,0,1
4,0.058,2,
6,0.1,2,
4,0.213,1,0
4,0.615,2,
4,0.273,2,
6,0.085,0,0
3,0.684,0,1
5,0.044,2,
5,0.219,1,1
4,0.004,2,
4,0.226,0,0
3,0.433,0,0
4,0.039,0,0
3,0.734,2,
5,0.174,2,
4,0.734,2,
3,0.617,0,0
5,1.259,0,0
3,0.253,1,1
4,0.536,0,0
4,0.507,0,0
3,0.111,0,1
3,0.396,2,
3,0.286,2,
2,0.208,0,0
1,0.031,1,0
2,0.485,1,0
2,0.219,2,
1,0.733,2,
2,0.578,0,0
1,0.467,2,
1,0.005,1,1
1,0.124,0,1
1,0.294,1,0
1,0.018,0,0
1,0.285,0,1
1,0,0,0
1,0.363,0,0
7,0.077,2,
6,0.003,1,0
6,0.098,0,0
5,0.01,2,
7,0.211,0,0
5,0.244,0,0
5,0.552,1,1
6,0.278,0,0
5,0.553,2,
6,0.306,0,0
4,0.008,1,1
4,0.044,0,
4,0.127,2,
4,0.569,2,
5,0.295,0,0
5,0.015,2,
5,0.391,0,0
6,0.011,0,0
5,0.346,0,0
4,0.381,0,0
5,0.573,0,1
3,0.409,2,
4,0.538,1,0
4,0.296,1,1
4,0,0,0
4,0.015,0,0
4,0.003,1,0
3,0.043,0,0
2,0.098,2,
2,0.134,2,
3,0.028,1,0
5,0.077,0,0
3,0.301,1,1
4,0.219,0,1
3,0.007,1,0
2,0.01,2,
3,0.043,1,0
3,0.055,1,0
3,0.459,2,
4,0.26,0,0
2,0.027,2,
3,0.328,0,0
3,0.003,2,
3,0.139,0,0
2,0.03,0,0
2,0.015,0,0
2,0.003,1,0
1,0.167,2,
1,0.843,1,1
2,0.003,0,0
2,0.693,0,0
1,0.003,1,0
1,0.105,2,
1,0.125,2,
1,0.047,0,0
6,0.147,2,
7,0,1,0
4,0.136,2,
5,0.035,0,1
6,0.097,1,0
6,0.059,0,0
4,0.418,1,0
3,0.574,1,0
6,0.106,0,0
3,0.005,2,
6,0.195,0,0
4,0.031,0,0
4,0,1,0
4,0.697,1,1
5,0.131,0,0
3,0.7,1,0
4,0.321,2,
5,0.392,0,0
3,0.252,1,0
5,0.007,0,1
3,0.047,2,
3,0.265,1,0
3,0.135,0,0
3,0.751,0,1
3,0.029,1,0
3,0.2,2,
3,0.127,1,0
2,0.687,2,
3,0.213,1,0
3,0.089,2,
3,0.02,2,
2,0.113,1,1
2,0.152,1,0
3,0.138,2,
3,0.262,1,0
3,0.006,0,0
2,0.01,2,
2,0.166,0,0
2,0.046,1,1
2,0.007,1,0
1,0.093,1,0
2,0.082,1,0
1,0.044,2,
1,0.324,1,0
1,0.242,1,0
1,0.681,1,0
1,0.093,1,1
1,0.011,0,0
1,0.007,0,1
7,0.161,2,
5,0.219,2,
7,0.815,0,0
5,0,0,0
4,0.401,1,1
5,0.005,2,
5,0.172,1,1
6,0.412,0,1
4,0.013,2,
4,0.046,2,
6,0.123,0,0
4,0.275,1,1
5,0,1,0
4,0.341,0,0
4,0.137,0,0
5,0.512,0,0
4,0.004,0,0
3,0.017,1,0
4,0.068,1,0
3,0.012,1,1
3,0.028,0,0
3,0.211,0,0
2,0.544,1,0
2,0.055,2,
1,0.133,2,
1,0.007,2,
1,0.011,2,
1,0.696,1,0
1,0.003,1,0
1,0,0,0
1,0.113,0,0
5,0.226,2,
6,0.129,0,0
6,0.467,0,1
6,0.144,0,0
4,0.077,2,
5,0.149,2,
5,0.211,0,0
4,0.628,2,
4,0.044,1,0
5,0.008,1,0
5,0.219,1,0
4,0.169,1,0
3,0.139,2,
4,0.02,0,0
4,0.24,1,0
3,0.034,0,0
3,0.024,2,
4,0.021,2,
4,0.226,0,1
3,0.045,0,0
4,0.077,2,
2,0.217,2,
3,0.104,2,
3,0.028,0,0
3,0.231,0,0
1,0.108,1,1
2,0.147,2,
3,0.237,0,0
2,0.008,0,0
2,0.023,0,0
2,0.298,1,0
1,0.131,2,
1,0.003,0,0
1,0.175,2,
1,0.402,1,1
1,0.034,0,0
1,0.344,1,0
1,0.08,1,0
1,0.095,0,0
5,0.911,2,
6,0.401,0,1
5,0.597,0,1
7,0.087,1,1
6,0.11,0,0
6,0.049,0,1
5,0.062,2,
4,0.091,1,0
5,0.25,0,1
4,0.411,0,0
5,0.021,2,
5,0.016,1,1
5,0.015,0,1
5,0.015,1,1
4,0.211,1,0
4,0.147,2,
5,0.464,0,0
4,0.003,2,
3,0.801,2,
3,0,1,1
2,0.063,2,
4,0.009,1,0
3,0.008,1,0
2,0.094,2,
3,0.213,0,0
2,0.015,2,
3,0.737,0,0
3,0.152,2,
3,0.312,1,0
2,0.306,2,
2,0.143,2,
2,0.005,2,
2,0,1,0
1,0.516,2,
1,0,2,
1,0.043,1,0
1,0.093,1,0
1,0.172,0,0
1,0.409,0,0
4,0.024,2,
6,0.055,0,0
3,0.553,2,
4,0.098,0,1
4,0.126,2,
4,0.256,1,1
4,0.044,0,0
3,0.427,1,0
2,0.31,2,
2,0.064,2,
3,0.064,0,0
3,0.01,1,0
2,0.015,1,0
2,0.167,1,0
1,0.1,2,
1,0.093,1,0
1,0.288,1,0
1,0.109,1,0
1,0.201,0,0
1,0.142,0,0
1,0.226,0,0
7,0.143,1,0
6,0.01,0,0
6,0.125,0,0
6,0.008,0,0
5,0.108,0,0
4,0.003,2,
5,0.147,0,1
5,0.175,0,1
5,0.155,1,1
4,0.112,0,0
5,1.074,0,0
4,0.212,2,
4,0.09,1,0
6,0.484,1,0
4,0.077,2,
3,0.008,2,
3,0.019,2,
4,0.37,1,0
3,0.136,1,0
3,0.759,1,0
4,0.056,2,
3,0,0,0
4,0.701,0,0
3,0.123,1,0
2,0.058,1,0
2,0.1,2,
2,1.932,1,0
3,0.123,0,0
3,0.011,0,0
2,0.003,2,
3,0.388,0,0
3,0.004,1,
2,0.229,2,
1,0.673,2,
2,0.208,2,
2,0.211,1,0
1,0.11,0,0
1,0.152,2,
1,0.051,2,
1,0.064,1,0
1,0.109,0,0
1,0.302,0,0
7,0,0,
6,0.155,1,0
7,0.207,2,
6,0.036,1,0
6,0.147,2,
6,0.099,1,0
5,0.094,1,0
7,0.015,0,1
7,0.02,0,0
6,0.126,1,0
6,0.015,1,0
5,0.021,2,
6,0.02,0,0
5,0.137,1,0
5,0.041,2,
5,0.485,0,0
5,0.005,2,
5,0.091,1,1
4,0.104,1,1
4,0.579,0,0
4,0.137,0,0
5,0.006,1,0
5,0.14,0,0
4,0.265,2,
4,0.095,1,
5,0.493,0,0
4,0.01,1,0
3,0.138,2,
4,0.01,0,0
4,0.051,1,0
3,0.005,1,0
3,0.53,1,0
3,0.044,1,1
2,0.555,2,
3,0.027,1,0
3,0.106,2,
4,0.408,1,0
3,0.106,0,0
3,0.822,2,
3,0.032,0,0
3,0.133,1,1
2,0.054,2,
2,0.224,2,
2,0.064,2,
2,0.062,1,0
1,0.024,1,0
3,0.042,0,1
2,0.044,1,0
1,0.007,2,
1,0.007,2,
2,0.07,0,0
1,0.748,0,0
1,0.19,1,0
1,0.266,1,1
1,0.519,0,0
1,0.023,0,0
1,0.165,0,0
1,0.208,0,0
1,0.202,0,0
6,0.748,0,1
7,0.172,2,
6,0.105,2,
7,0.09,0,0
6,0.094,0,0
5,0.543,1,0
5,0.107,1,0
6,0.623,0,0
6,0.138,2,
4,0,2,
5,0.339,0,0
3,0.007,1,0
5,0.029,0,0
4,0.82,1,1
4,0.09,0,0
5,0.071,0,0
4,0.226,1,0
4,0.003,0,0
4,0.545,0,0
2,0.009,2,
4,0.709,1,1
3,0.662,2,
3,0.864,1,1
3,0.574,2,
3,0.691,1,0
3,0.217,2,
3,0.003,0,0
2,0.09,2,
2,0.435,0,0
2,0.114,1,0
1,0.422,2,
2,0.318,2,
2,0.01,2,
2,0.018,0,0
2,0.846,0,0
2,0.709,0,0
1,0.09,2,
5,0.201,1,0
5,0.498,2,
5,0.25,2,
5,0.01,1,0
5,0.007,0,0
5,0.165,0,1
5,0.067,0,
4,0.234,2,
6,0.003,0,1
6,0.054,0,0
3,1.428,2,
4,0.254,1,1
5,0.078,0,0
3,0.242,1,0
3,0.25,0,1
3,0.476,2,
3,0.283,1,0
3,0.057,1,0
3,0.99,0,0
4,0.089,1,1
4,0.302,0,1
3,0.107,1,0
4,0.224,1,0
3,0.2,0,0
2,0.154,2,
3,0.029,0,0
2,0.343,2,
3,0.167,1,0
2,0.256,1,0
2,0.01,0,0
2,0.347,1,0
2,0.134,1,0
1,0.02,2,
1,0.218,0,1
1,0.191,2,
1,0.979,1,0
1,0.062,0,0
1,0.637,0,0
1,0.005,0,0
1,0.254,0,0
7,0.464,1,0
5,0.083,2,
6,0.121,2,
6,0.025,1,0
6,0.158,2,
6,0.127,2,
4,0.324,0,0
4,0.034,2,
5,0.125,2,
4,0.092,2,
5,0.091,2,
5,0.003,1,0
4,0.154,1,0
4,0,0,0
2,0.748,2,
3,0.409,2,
4,0.147,0,0
4,0.496,1,0
4,0.051,0,1
2,0.157,2,
3,0.27,2,
3,0.532,2,
4,0.197,0,0
3,0.213,0,0
2,0.011,1,0
2,0.021,2,
2,0.059,1,0
2,0.075,1,0
2,0.165,2,
2,0.012,0,0
1,0.003,2,
1,0.006,2,
1,0.114,0,0
1,0.047,1,0
1,0.679,1,0
1,0.182,0,0
6,0.044,0,0
7,0.054,2,
4,0.055,1,0
6,0.198,0,0
7,0.056,0,0
6,0.801,2,
5,0.556,2,
6,0.977,0,0
6,0.008,2,
5,0.447,1,1
4,0.098,1,0
5,0.195,2,
5,0.065,0,0
4,0.49,2,
5,0.445,1,0
4,0.117,1,1
5,0.357,2,
4,0.157,0,0
4,0.061,2,
4,0.24,2,
4,0.385,0,0
5,0.152,0,0
3,0.306,2,
3,0.216,0,0
3,0.179,2,
3,0.059,2,
2,0.015,0,0
2,0.013,0,0
2,0.194,0,0
2,0.226,0,1
2,0.269,0,0
4,0.05,1,0
5,0.009,2,
4,0.111,2,
5,0.008,1,0
4,0.249,2,
4,0.191,2,
4,0.45,2,
3,0.09,2,
3,0.021,2,
2,0.109,2,
2,0.152,0,0
3,0.091,0,0
3,0.127,0,0
3,0.108,0,0
2,0,2,
3,0.23,0,0
2,0.077,2,
2,0.006,0,0
1,0.37,2,
1,0.302,1,0
2,0.033,0,0
1,0.012,0,0
9,0.374,1,0
6,0.041,2,
8,0.574,1,0
6,0.01,1,0
6,0.681,0,0
5,0.257,1,1
6,0,2,
7,0.105,1,0
5,0.193,2,
7,0.224,0,0
6,0.015,2,
4,0.003,2,
6,0.422,2,
6,0.019,1,0
5,0.064,1,0
6,0.069,0,
4,0.154,1,0
5,0.152,2,
5,0.139,1,1
5,0.574,2,
4,0.319,2,
3,0.057,2,
4,0.008,1,1
4,0.034,1,0
4,0.357,1,0
4,0.02,1,0
4,0.971,0,1
3,0.118,2,
5,0.165,0,0
4,0.2,1,1
3,0.105,2,
4,0.812,1,0
5,0.037,2,
4,0.131,1,0
5,0.329,0,0
3,0.491,1,0
3,0.338,2,
3,0.345,2,
3,0.84,1,1
3,0.044,1,0
2,0.612,2,
4,0.003,0,1
3,0.003,0,0
3,0.544,2,
2,0.092,0,0
3,0.01,1,0
2,0,2,
2,0.005,0,1
2,0,0,0
2,0.235,1,0
2,0.386,1,0
2,0.216,0,1
2,0.021,1,0
1,0.295,1,0
2,0.003,0,0
1,0.807,2,
1,0.024,0,1
1,0.134,0,1
1,0.023,0,0
1,0.053,1,0
1,0.006,0,0
5,0.05,1,1
8,0.003,1,0
7,0.003,1,0
6,0.842,2,
5,0,2,
5,0.514,1,0
6,0.034,0,0
6,0.464,1,0
4,0.425,2,
4,0.159,2,
5,0.216,2,
5,0.003,2,
4,0.005,0,0
3,0.029,1,1
3,0.108,1,0
5,0.233,2,
4,1.127,0,0
3,0.077,2,
3,0.202,2,
3,0.397,2,
3,0.411,1,0
3,0.399,1,0
3,0.087,0,0
4,0.013,1,1
2,0.571,2,
3,0.226,2,
2,0.209,2,
3,0.072,2,
2,0.169,2,
3,0.597,0,0
3,0.041,1,0
2,0.129,2,
2,0.24,1,1
1,0.302,1,0
1,0.284,2,
2,0.427,0,0
2,0.064,0,0
1,0.003,2,
1,0.059,2,
1,0.062,0,0
1,0.025,2,
1,0.031,2,
1,0.008,0,1
1,0.093,0,0
1,0.571,0,0
6,0.075,0,
6,0.059,0,0
4,0.029,2,
6,0.425,2,
4,0.265,0,0
5,0.041,1,0
6,0.599,1,0
5,0.051,0,0
6,0.149,0,1
4,0.519,2,
5,0.03,2,
4,0.886,0,0
5,0.071,0,0
4,0.33,2,
5,0.118,0,0
5,0.021,0,0
4,0.113,1,0
4,0.205,2,
4,0.801,0,0
5,0.14,0,0
4,0.76,0,0
3,0.115,2,
4,0.028,1,0
3,0.025,2,
3,0.814,2,
3,0.04,2,
3,0.412,0,0
2,0.021,2,
2,0.012,2,
4,0.086,0,0
2,0.975,1,0
3,0.025,1,0
2,0.108,2,
3,0.093,0,0
2,0.137,1,0
1,0.005,2,
2,0.597,1,0
1,0.137,2,
1,0.888,1,0
1,0.109,0,0
1,0.361,0,0
1,0.085,0,0
7,0.368,2,
8,0.148,0,0
6,0.02,1,1
6,0.013,2,
5,0.016,2,
4,0.097,2,
5,0.732,2,
4,0.515,2,
5,0.576,0,0
4,0.094,2,
5,0.553,0,0
4,0.423,2,
4,0.008,2,
4,0.643,0,0
3,0.237,2,
4,0.25,0,0
4,0.045,2,
4,0.008,0,0
3,0.003,0,0
3,0,2,
3,0.021,2,
3,0.129,1,0
3,0.213,0,0
2,0.242,2,
3,0.113,1,0
3,0.324,2,
2,0,1,0
2,0.204,1,0
1,0.093,2,
1,0.006,2,
1,0.367,1,0
1,0.227,0,0
8,0.468,2,
7,0.158,1,1
5,0.175,2,
5,0.095,0,0
7,0.183,1,1
6,0.092,1,0
5,0.044,2,
4,0.286,2,
6,0.153,2,
4,0.569,2,
6,0.053,1,0
4,0.087,0,0
5,0.051,1,1
6,0.006,0,0
6,0.558,1,0
5,0.121,1,0
5,0.055,0,0
3,0.003,0,0
4,0.412,2,
4,0.003,2,
3,0.55,2,
4,0.017,1,1
2,0,2,
4,0.054,2,
3,0.551,2,
1,0.013,2,
3,0,1,1
2,0.306,2,
2,0.773,1,0
2,0.023,1,0
3,0,0,0
1,0.044,2,
2,0.219,2,
2,0.1,1,0
1,0.079,2,
2,0.225,0,0
2,0.058,0,0
2,1.385,1,0
2,0.267,0,0
2,0.81,0,0
1,0.557,1,0
1,0.098,0,0
1,0.123,0,0
1,0.511,0,0
6,0.036,1,0
4,0.506,2,
6,0.979,0,0
6,0.484,0,0
5,0.029,0,0
6,0.262,0,1
4,0.251,2,
5,0.172,2,
5,0.222,0,0
4,0.018,1,0
3,0.229,2,
5,0.003,0,0
4,0.389,0,0
5,0.365,0,1
5,0.357,0,0
4,0,0,0
4,0.086,0,0
4,0.614,1,1
3,0.069,0,0
3,0.175,2,
3,0.218,1,0
4,0.005,0,0
3,0.241,1,0
2,0.108,2,
3,0.051,1,0
2,0.049,1,0
2,0.003,2,
2,0.067,0,0
3,0.429,0,0
3,0.208,0,0
2,0.218,2,
2,0.301,2,
1,0.011,2,
2,0.125,0,0
2,0.324,0,0
1,0.204,2,
1,0.326,1,1
1,0.077,0,0
6,0.103,1,0
5,0.127,2,
6,0.643,0,0
5,0.18,1,1
7,0.132,1,0
7,0.018,1,0
7,0.168,0,1
5,0.021,0,0
5,0.005,1,0
5,0.008,0,1
4,0.066,2,
3,0.032,2,
4,0.217,1,0
5,0.152,0,0
3,0,1,0
3,0.005,0,1
3,0.144,2,
4,0.157,0,0
3,0.542,1,1
4,1.046,0,0
4,0.332,0,0
3,0.422,1,0
3,0.024,0,0
2,0.054,2,
1,0.465,1,0
3,0.126,0,0
2,0.005,0,0
1,0.058,1,0
1,0.135,0,0
1,0.023,0,0
7,0.047,0,0
6,0.367,2,
7,0.013,1,0
7,0.468,2,
4,0.105,1,0
7,0.059,0,0
4,0.41,2,
5,0.169,2,
6,0.02,1,0
6,0.159,0,0
6,0,0,1
6,0.248,1,0
4,0.157,1,1
5,0.682,2,
5,0.412,1,0
4,0.175,2,
4,0.029,1,0
5,0.007,1,0
4,0.172,1,0
4,0.049,2,
4,0.182,2,
4,0.078,1,0
4,0.136,1,1
4,0.058,2,
6,0.057,1,1
5,0.006,0,0
4,0.005,1,0
4,0,1,1
4,0.074,0,0
3,0.767,2,
3,0.308,1,0
3,0.01,1,0
3,1.423,1,0
2,0.051,2,
3,0.237,2,
4,0.09,2,
2,0.101,2,
3,0.059,0,0
3,0.332,0,0
2,0.194,2,
1,0.091,2,
2,0.151,2,
1,0.326,2,
2,0.496,1,0
1,0.195,2,
1,0.003,2,
2,0.51,1,0
1,0.626,1,1
1,0.205,0,0
1,0.1,2,
1,0.328,1,0
1,0.555,1,0
1,0.39,2,
1,0.292,1,1
1,0.018,0,0
1,0.06,0,0
1,0.483,0,0
7,0.003,2,
5,0.057,2,
5,0.35,2,
6,0.248,1,0
6,0.059,0,0
5,0.122,2,
5,0.41,0,0
5,0.252,1,0
3,0.178,2,
4,0.108,2,
4,0.114,1,0
3,0.021,2,
3,0.147,1,0
3,0.113,2,
3,0.395,1,0
5,0.374,0,0
4,0.396,1,0
4,0.075,0,1
3,0.597,2,
4,0.101,1,0
3,0,0,1
2,0.223,2,
3,0.977,2,
3,0.003,2,
3,0.368,1,1
2,0.442,2,
3,0.484,0,0
2,0.097,2,
2,0.005,1,0
3,0.046,0,0
2,0.289,2,
3,0.327,0,0
2,0.226,2,
2,0.011,0,0
1,0.013,2,
1,0.82,1,0
1,0.544,0,0
1,0.663,0,0
6,0.131,0,0
6,0.173,0,0
4,0.009,2,
7,0.234,2,
5,0,1,0
3,0.172,2,
4,0.505,0,1
6,0.545,0,1
6,0.061,2,
4,0.669,1,1
4,0.292,2,
3,0.484,1,0
4,0.484,1,0
4,1.639,2,
4,0.024,2,
3,0,2,
3,0.519,2,
3,0.149,2,
3,0.201,0,0
4,0.121,1,1
4,0.883,0,0
3,0.553,0,0
3,0.008,1,0
2,0.022,2,
2,0.183,1,0
2,0.064,0,0
1,0.781,1,0
2,0.054,2,
1,0.09,2,
2,0.026,0,0
1,0.005,2,
2,0.686,0,0
1,0.166,1,0
2,0.41,0,0
1,0.08,2,
1,0.077,1,0
1,0.006,1,0
1,0.039,0,0
1,0.003,0,0
6,0.243,1,0
6,0.237,0,1
5,0.276,2,
4,0.078,2,
4,0.093,1,1
3,0.454,2,
3,0.072,2,
4,0.324,1,0
3,0.078,2,
3,0.003,1,0
3,0.122,2,
4,0.154,0,0
2,0.059,2,
3,0.294,0,0
3,0.304,0,0
1,0.409,1,1
3,0.003,0,0
2,0.044,2,
2,0.005,2,
2,0.571,2,
2,0.11,1,0
1,0.008,2,
2,0.292,0,0
2,0.401,0,0
1,0.306,1,0
1,0.203,0,1
7,0.182,1,1
6,0.047,2,
5,0,1,0
6,0.01,0,0
6,0.237,0,0
5,0.015,1,0
3,0.003,1,0
5,0.136,2,
5,0.597,0,0
3,0.637,2,
4,0.044,0,0
4,0,1,0
4,0,2,
4,0.225,2,
5,0.32,0,0
4,0.152,0,1
1,0.012,2,
3,1.286,1,0
2,0.072,2,
2,0.083,0,0
3,0.008,0,1
2,1.171,2,
2,0.389,2,
2,0.042,0,0
2,0.211,0,0
1,0.021,1,0
1,0.689,2,
1,0.003,1,0
1,0.02,0,0
1,0.054,0,0
6,0.495,1,0
6,0.046,2,
6,0.391,0,0
5,0.091,1,0
4,0.423,0,0
4,0.397,0,0
4,0.115,0,0
4,0.172,0,0
4,0.205,2,
4,0.714,2,
4,0.103,2,
4,0.035,2,
3,0.441,2,
4,0.003,1,1
4,0.024,0,0
3,0.203,1,0
3,0.008,1,0
3,0.251,2,
3,0.003,1,1
2,0.043,0,0
4,0.079,0,0
3,0.258,0,0
2,0.049,2,
1,0.187,2,
2,0.676,2,
2,0.015,0,0
2,0.007,2,
2,0.457,0,0
2,0.518,1,1
2,0.003,0,0
2,0.887,0,0
1,0.102,1,0
1,0.087,2,
1,0.242,2,
1,0.011,0,0
7,0,0,0
6,0.265,1,0
7,0.314,0,0
5,0.843,2,
5,0.023,2,
6,0.1,0,0
5,0.178,1,0
5,0.011,0,1
5,0.018,0,0
5,0.068,0,0
4,0.063,0,0
4,0.836,2,
3,0.005,1,0
4,0.005,0,0
3,0.214,2,
3,0.162,1,0
2,0.301,1,0
3,0.083,2,
3,0.867,2,
4,0.449,0,0
3,0.47,2,
3,0.971,1,1
2,0.254,2,
2,0.003,1,0
1,0.003,2,
1,0.013,2,
1,0,1,0
5,0.35,2,
5,0.017,2,
7,0.005,0,1
5,0.071,0,0
4,0.115,2,
5,0.078,1,0
5,0.73,0,0
6,0.003,1,0
5,0.164,1,0
3,0.055,2,
5,0.373,2,
6,0.229,0,0
5,0,1,0
5,0.117,2,
7,0.064,0,0
5,0.363,2,
5,0.093,1,1
5,0.146,1,0
5,0.175,0,0
4,0.517,0,1
3,0.348,2,
3,0.702,0,0
4,0.182,2,
4,0.312,1,1
3,0.014,1,0
4,0.507,1,0
3,0.108,2,
3,0.572,2,
3,0.087,2,
3,0.067,2,
3,0.389,0,0
2,0.066,2,
3,0.049,1,0
3,0.082,2,
3,0.085,1,0
3,0.26,0,0
4,0.253,0,0
3,0.005,2,
2,0.122,2,
2,0,1,0
2,0.097,2,
2,0.219,0,0
2,0.064,1,0
1,0.062,2,
2,0.054,0,0
2,0.364,0,0
1,0.041,2,
2,0.048,0,0
1,0.633,1,1
1,0.152,1,0
1,0.306,1,0
1,0.201,1,0
1,0.169,0,0
1,0.244,0,0
1,0.242,0,0
1,0.365,0,0
1,0.133,0,0
6,0.047,2,
5,0.26,2,
6,0.237,1,0
5,0.201,1,0
5,0.255,0,0
6,0.16,0,0
4,0.091,1,0
4,0.225,2,
5,0.044,0,1
5,0.177,1,0
3,0.233,2,
4,0.194,1,0
3,0.211,2,
3,0,1,1
3,0.548,1,0
4,0.231,0,0
3,0.949,2,
2,0.033,2,
2,0.249,0,0
2,0.314,0,0
1,0.275,2,
1,0.242,2,
2,0.449,0,0
1,0.056,0,0
5,0.536,2,
6,0.781,0,0
6,0.201,1,0
7,0.172,0,1
5,0.015,0,0
6,0.254,1,0
5,0.071,0,0
6,0.077,1,0
5,0.049,2,
5,0.095,0,0
4,0,2,
5,0,0,0
3,1.286,0,0
4,0.064,2,
3,0.01,2,
1,0.064,2,
3,0,0,0
2,0.075,2,
2,0.9,2,
2,0.175,1,0
2,0.868,1,0
2,0.082,0,0
1,0.221,2,
1,0.229,2,
1,0.965,1,0
1,0.689,1,0
1,0.02,0,0
1,0.275,0,0
6,0.057,2,
7,0.068,0,
8,0.366,0,1
6,0.397,2,
7,0.638,2,
7,0.014,2,
7,0.525,1,1
7,0.75,1,1
5,0.067,2,
5,0.211,2,
7,0.41,1,0
6,0.141,1,0
5,0.017,2,
5,0.205,2,
5,0.031,2,
5,0.039,2,
4,0.063,2,
4,0.129,2,
4,0.003,1,1
4,0.064,2,
4,0.136,0,0
3,0.003,2,
4,0.074,1,1
3,0.08,2,
3,0.505,0,0
2,0.152,2,
3,0.003,0,0
2,0.094,2,
3,0.265,0,0
2,0.113,1,0
2,0.806,2,
2,0.003,1,1
2,0.103,0,0
2,0.306,1,0
2,0,0,0
2,0.087,0,0
1,0.597,1,0
1,0.015,2,
1,0.045,2,
1,0.003,1,0
1,0.397,2,
1,0.868,1,0
1,0.05,1,0
1,0.057,0,1
1,0.452,0,0
1,0.058,0,0
6,0.068,0,0
5,0.034,2,
5,0.049,0,0
4,0.034,2,
4,0.168,2,
6,0.328,0,0
6,0.003,1,
4,0.395,2,
4,0.12,1,1
7,0.249,0,0
4,0.064,0,1
4,0.191,2,
4,0.297,2,
4,0.169,2,
5,0.259,2,
5,0.123,1,0
5,0.172,0,0
4,0.885,0,1
4,0.141,0,0
3,0,2,
4,0.113,2,
5,0.016,0,0
4,0.321,0,0
3,0.428,2,
4,0.003,1,0
2,0.049,1,0
3,0.679,2,
2,0.018,0,0
2,0.379,2,
4,0.058,0,1
4,0.003,0,0
3,0.389,2,
3,0.01,0,0
3,0.003,1,0
2,0.049,2,
3,0.447,0,0
2,0.029,1,0
2,0.113,2,
1,0.137,2,
2,0.093,0,0
2,0.688,1,0
2,0.535,2,
1,0,1,1
1,0.504,2,
1,0.157,0,0
6,0.057,1,0
6,0.574,1,0
4,0.421,2,
4,0.105,2,
6,0.011,1,0
6,0.752,0,0
5,0.434,2,
5,0.022,0,0
4,0.295,2,
4,0.003,0,0
4,0.204,0,0
3,0.004,0,0
2,0.129,2,
3,0.402,2,
3,0.104,1,0
2,0.109,2,
2,0.159,2,
4,0.009,0,0
2,0.015,2,
2,0.085,1,0
2,0.087,1,0
1,0.126,2,
2,0.09,1,0
1,0.021,2,
2,0.273,0,0
2,0.111,0,0
2,0.015,0,1
1,0,2,
1,0.013,0,0
1,0.727,1,0
1,0.162,1,0
1,0.22,0,0
1,0.003,0,0
7,0.073,1,1
7,0.098,2,
4,0.519,2,
4,0.958,1,1
6,0.062,1,1
7,0.005,0,0
4,0.208,2,
6,0.347,2,
4,0.227,2,
4,0.687,1,0
5,0.183,2,
4,0.007,2,
4,0.039,1,0
5,0.286,0,0
5,0.649,0,0
5,0.008,2,
3,0.833,1,1
4,0.044,0,0
3,0.333,2,
3,0.172,1,1
3,0.009,0,0
3,0.07,1,0
3,0.211,1,0
2,0.139,1,1
3,0.058,2,
2,0.015,0,0
1,0.005,1,0
2,0.014,0,0
2,0.044,0,0
1,0.005,2,
1,0.003,2,
1,0.126,2,
1,0.732,0,0
4,0.137,1,0
4,0.072,0,0
4,0.081,2,
4,0.459,0,1
3,0.006,1,0
3,0.072,0,0
4,0.1,0,0
3,0.045,2,
3,0.2,2,
3,0.072,0,0
3,0.031,1,0
3,0.108,2,
2,0.291,2,
3,0.298,2,
3,0.333,1,0
3,0.579,1,0
2,0.005,0,0
4,0.127,0,0
2,0.364,0,0
2,0.117,2,
2,0.686,0,0
2,0.087,0,0
1,0.561,0,1
2,0.316,0,0
2,0.013,0,0
1,0,2,
1,0.016,2,
1,0,1,1
1,0.095,0,0
7,0.363,2,
5,0.113,0,0
5,0.003,0,0
6,0.211,2,
6,0.485,1,0
4,0.728,1,0
4,0.005,2,
5,0.139,0,1
4,0.006,2,
6,0.136,1,1
4,0.007,2,
6,0.058,0,0
4,0.008,2,
4,0.111,2,
4,0.144,0,0
3,0.003,2,
4,0.036,0,0
3,0.072,0,1
4,0.009,1,0
4,0.142,0,0
5,0.121,0,0
2,0.563,1,0
3,0.165,1,0
3,0.569,0,0
3,0.16,1,1
2,0.095,2,
2,0.208,2,
2,0.083,2,
2,0.057,1,0
1,0.248,2,
3,0.763,0,0
2,0.024,2,
1,0.008,2,
2,0.367,0,0
2,0.147,0,0
1,0.157,2,
1,0,0,0
1,0.016,1,0
5,0.641,2,
6,0.041,1,0
6,0,0,0
5,0.085,2,
5,0.08,1,1
4,0.214,2,
4,0.597,2,
4,0.227,2,
5,0.111,1,0
4,0.138,0,0
3,0.008,1,0
3,0.279,2,
3,0.073,1,0
3,0.009,1,0
3,0.123,0,0
2,0.003,2,
2,0.165,0,0
1,0.085,1,0
1,0.213,1,0
1,0.137,1,1
1,0.003,2,
1,0.069,2,
1,,2,
1,0.045,2,
2,0.005,0,0
2,0.064,0,0
1,0.042,0,0
1,0.943,2,
1,0.003,1,0
1,0.098,0,1
1,0.012,0,0
7,0.732,2,
7,0.395,2,
6,0.402,1,0
7,0.104,0,0
6,0.262,0,0
4,0.464,2,
6,0.224,2,
6,0.249,1,0
7,0.031,1,0
5,0.006,1,0
7,0.135,0,1
5,0.011,1,1
5,0.012,0,1
5,0.003,0,0
5,0.075,0,0
4,0.846,1,0
4,0.087,1,0
3,0.047,0,1
4,0.02,1,0
3,0.306,1,0
3,0.067,1,
2,0.059,2,
4,0.642,0,0
3,0.411,2,
4,0.01,0,0
2,0.32,0,1
2,0.1,2,
2,0.105,0,0
1,0.283,2,
1,0.679,1,0
1,0.949,2,
1,0.024,1,0
1,0.057,0,0
1,0.506,0,0
5,0.01,2,
6,0.459,2,
6,0.193,1,1
5,0.118,2,
4,0.207,1,0
6,0.25,1,0
5,0.22,1,0
4,0.315,2,
5,0.135,1,1
4,1.802,2,
3,0.018,2,
5,0.04,1,0
5,0.084,2,
4,0.62,0,0
4,0.485,1,0
4,0,0,0
4,0.105,2,
3,0.113,2,
3,0.075,2,
4,0.387,1,0
3,0.412,0,0
3,0,1,0
3,0.696,2,
3,0.182,2,
3,0.163,1,0
2,0.709,1,0
2,0,2,
2,0.006,1,0
2,0.108,2,
2,0.058,0,0
2,0.057,0,0
1,0.473,0,0
1,0.005,0,0
1,0.254,0,0
6,0.098,0,0
6,0.013,1,0
5,0.011,1,0
5,0.273,1,0
5,0.04,2,
4,0.005,0,1
5,0.183,0,0
4,0.479,1,1
3,0.248,2,
4,0.456,2,
5,0.008,1,0
4,0.024,0,0
4,0.019,1,0
4,0.052,2,
3,0.204,2,
3,0.389,0,0
3,0.094,1,1
3,0,1,0
2,0.077,1,0
4,0.214,0,0
1,0.086,2,
3,0.123,1,0
3,0.018,0,0
3,0.09,1,0
2,0.74,1,0
2,0.008,0,0
1,0.706,1,0
1,0.01,2,
1,0.017,0,1
1,0.154,0,0
1,0.086,0,0
6,0.009,2,
6,0.25,1,1
6,0.227,2,
6,0.114,1,0
5,0.259,2,
5,0.265,2,
5,0.329,0,1
4,0.238,0,0
4,0.182,0,0
4,0.141,2,
4,0.55,1,0
4,0.015,2,
5,0.496,1,1
4,0.051,1,0
3,0.763,2,
4,0,2,
4,0.098,2,
4,0.327,0,0
3,0.805,2,
3,0.809,1,1
4,0.101,1,0
2,0.008,0,0
1,0.988,1,0
2,0,0,0
1,0.031,2,
1,0.011,1,1
1,0.024,2,
1,0.039,1,1
6,0.066,2,
6,0.205,0,0
6,0,1,0
6,0.872,0,1
7,0.561,1,0
5,0.059,2,
4,0.121,2,
4,0.01,1,1
6,0.015,1,0
5,0.003,0,0
4,0.24,2,
4,0.204,2,
6,0.054,0,0
6,0.091,0,0
4,0.219,2,
5,0.423,2,
5,0.597,1,0
6,0.007,0,0
3,0,2,
5,0.009,0,0
3,0.172,2,
4,0.483,2,
4,0.63,0,1
4,0.538,0,0
4,0,0,0
4,0.003,0,0
3,0.193,0,0
3,0.051,0,0
2,0.031,1,1
3,0.012,0,0
3,0.003,0,0
2,0.755,2,
2,0.649,0,0
2,0.53,0,0
2,0.545,0,0
2,0.113,0,0
2,0.801,0,0
1,0.177,2,
1,0.034,1,0
1,0.003,2,
1,0.401,1,0
1,0.003,0,1
6,0.058,0,1
7,0.165,1,0
7,0.121,0,0
6,0.323,2,
6,0.003,1,1
6,0.367,1,0
5,0.17,0,
8,0.402,0,0
5,0.07,2,
7,0.054,1,0
5,0.126,2,
5,0.141,0,0
6,0.029,1,0
5,0.015,1,0
5,0.032,1,0
5,0.823,0,0
3,0.721,1,0
6,0.036,0,0
5,0,0,0
3,0.005,1,0
5,0.032,0,0
4,0.374,1,0
4,0.094,0,0
3,0.018,2,
3,0.003,2,
3,0.367,2,
3,0.134,2,
4,0.072,0,0
2,0.267,0,0
3,0.157,0,0
3,0.108,1,0
2,0.239,0,0
2,0.195,1,0
1,0.08,2,
2,0.087,0,0
1,0.026,1,0
1,0.646,2,
2,0.199,0,0
1,1.369,1,0
1,0.003,1,0
1,0,0,0
1,0.224,1,0
1,0.054,1,0
7,0.792,2,
4,0,1,1
5,0.069,2,
6,0.442,2,
4,0.28,0,0
6,0.082,0,0
5,0.012,0,0
5,0,2,
5,0.033,2,
4,0.649,0,0
5,0.127,1,0
5,0.78,1,0
4,0.344,0,0
3,0.559,0,0
3,0.064,0,0
2,0.004,0,0
2,0.975,2,
1,0.287,2,
2,0.159,0,0
1,0.494,0,0
1,0.113,0,0
6,0.034,2,
7,0.136,0,0
6,0.003,1,0
6,1.557,0,0
4,0.029,0,0
6,0.064,0,0
5,0.009,1,1
5,0.1,2,
6,0.064,1,0
5,0.003,0,0
5,0.18,0,0
5,0.076,1,1
4,0.801,2,
5,0.544,0,0
4,0.26,1,0
5,0.053,2,
5,0.171,0,0
3,0.089,2,
4,0.58,0,0
3,0.136,2,
3,0.016,0,0
3,0.003,0,0
3,0.046,0,0
2,0.031,1,1
3,0.164,0,0
2,0.23,2,
2,0.055,2,
2,0,2,
2,0.087,2,
3,0.066,0,0
2,0.029,0,0
2,0.291,1,0
1,0.051,1,0
2,0.01,1,0
1,0,1,0
1,0.31,2,
1,1.421,0,0
1,0.091,0,0
1,0.003,0,0
1,0.004,0,0
6,0.008,1,0
6,0.018,2,
6,0.003,2,
5,0.129,2,
6,0.623,0,1
5,0.141,1,1
5,0.003,1,1
5,0.308,1,1
5,0.1,0,0
4,0.396,2,
4,0.129,2,
4,0.039,2,
3,0,2,
4,0.015,1,0
4,0.057,1,0
3,0.191,2,
3,0.356,0,0
4,0.559,1,1
5,0.049,0,1
2,0.121,2,
2,0.06,1,0
3,0.003,1,0
3,0.015,2,
2,0.054,2,
1,0.557,2,
2,0.01,0,0
1,0.355,2,
1,0.015,2,
2,0.08,0,0
1,0.032,1,1
2,0.796,1,0
1,0.639,2,
1,0.232,1,0
1,0.003,1,0
1,0.013,0,0
7,0.553,2,
5,0.221,2,
7,0.45,1,0
5,0.144,2,
5,0.036,0,0
4,0.384,1,1
6,0.082,0,1
3,0.469,2,
3,0.003,0,1
4,0.328,1,0
4,0.514,1,1
4,0.233,0,1
2,0.121,2,
3,0.806,2,
4,0.005,2,
2,0.54,2,
3,0.299,2,
3,0.21,1,0
3,1.227,1,0
3,0.204,0,0
2,0.222,1,1
2,0.248,0,1
2,0.689,0,0
2,0.058,2,
2,0.063,2,
3,0.136,0,0
2,0.167,2,
1,0.003,1,0
1,0.021,1,0
1,0.007,1,0
2,0.005,0,0
1,0.23,0,1
1,0.61,2,
1,1.071,0,0
1,0.214,0,0
1,0.431,0,1
1,0.089,0,0
8,0.003,2,
7,0.485,2,
6,0.065,1,1
7,0.09,1,0
6,0.068,0,0
5,0.097,2,
5,0.383,0,0
6,0.527,1,0
4,0.422,0,0
3,0.012,2,
4,0.178,2,
4,0.204,0,1
4,0.486,1,0
4,0.314,0,0
4,0.249,0,1
4,0,1,0
4,0.18,2,
3,0.058,1,0
3,0.324,2,
3,0.006,1,1
3,0.07,0,0
2,0.187,2,
2,0.071,2,
3,0.022,0,0
1,0.048,2,
3,0.375,0,0
2,0.401,0,0
2,0.131,1,0
2,0.077,0,0
1,0.015,1,0
1,0.237,2,
1,0.005,0,0
6,0.108,1,1
7,0.425,2,
6,0.792,0,0
6,0.168,0,0
7,0.029,2,
7,0.098,1,0
4,0.117,2,
6,0.025,2,
6,0.003,0,0
4,0.122,2,
6,0.342,0,1
5,0.225,0,0
4,0.401,1,1
5,0.178,0,0
3,0.219,0,0
4,0.343,0,0
3,0.185,1,0
3,0.62,2,
3,0.003,1,0
5,0.033,0,0
3,0.018,2,
3,0.011,1,0
3,0.006,0,0
4,0.094,2,
4,1.205,0,0
3,0,0,1
3,0.069,0,0
2,0.061,1,0
2,0.046,0,0
2,0.237,2,
2,0.058,0,1
2,0.583,1,1
2,0.311,0,1
2,0.044,1,0
3,0.054,0,0
3,0.047,0,0
3,0.107,1,0
2,0.354,0,0
1,0.02,0,0
1,0.272,1,0
1,0.221,0,0
1,0.07,1,0
1,0.201,0,0
1,0.11,0,0
6,0.232,2,
6,0.063,0,0
6,0.438,2,
5,0.183,1,0
7,0.344,0,0
6,0.01,0,0
6,1.483,1,0
7,0.689,0,0
5,0.058,1,0
4,0.213,0,1
7,0.324,0,0
5,0.209,0,0
4,0.171,2,
6,0.141,0,0
3,0.005,2,
4,0.136,0,0
4,0.046,2,
3,0.091,2,
4,0.165,0,0
3,0.247,0,0
4,0.137,0,0
3,0.663,2,
4,0.051,2,
3,0.29,0,0
2,0.023,0,0
2,0.063,2,
3,0.007,0,0
1,0.238,2,
2,0.003,0,0
1,0.627,2,
2,0.077,0,0
2,0.637,0,0
1,0.01,0,0
1,0.113,0,0
1,0.09,0,0
1,0.025,0,0
1,0.553,0,0
5,0.034,2,
5,0.003,1,0
5,0.819,1,0
5,0.126,2,
4,0.089,1,0
6,0.064,1,0
4,0.136,2,
6,0.177,0,0
5,0.243,0,0
5,0.354,2,
4,0.108,1,0
5,0.159,1,0
4,0.171,0,0
3,0.158,1,1
4,0.08,0,0
2,0.113,1,0
3,0.409,0,0
1,0.029,1,0
2,0.003,1,0
2,0.24,0,0
1,0.922,0,0
8,0.766,1,0
7,0.005,2,
7,0.684,1,0
5,0.148,0,0
5,0.003,1,0
5,0.037,0,1
6,0.944,1,0
4,0.051,2,
6,0.078,2,
5,0.213,2,
6,0.041,0,1
5,0.749,2,
4,0.062,0,0
6,0.082,0,1
5,0.188,1,0
4,0.162,2,
4,0.003,2,
4,0.17,1,1
5,0.111,0,0
3,0.171,1,0
5,0.02,0,0
3,0.077,0,0
4,0.366,1,0
3,0,1,0
2,0.489,1,0
3,0.183,1,0
3,0.058,1,0
3,0.119,0,0
2,0.008,2,
2,0.087,1,0
2,0.008,1,0
2,0.102,2,
2,0.428,2,
2,0.008,0,0
2,0.058,0,0
1,0.013,0,0
2,0.306,1,0
1,0,1,0
1,0.533,1,0
1,0.395,0,0
7,0.157,1,0
5,0.019,2,
7,0.496,0,1
6,0.054,0,0
5,0.196,2,
4,0.185,2,
6,0.286,0,0
5,0.196,1,0
2,0.249,1,0
3,0.05,2,
3,0.147,0,1
3,0.374,0,0
3,0.141,1,0
4,0.02,0,0
2,0.005,2,
3,0.751,0,0
3,0.024,1,0
2,0.153,2,
2,0.003,2,
1,0.121,1,0
2,0.229,1,0
1,0.367,2,
1,0.134,2,
1,0.013,1,0
1,0.254,1,0
6,0.059,2,
7,0.028,1,0
6,0.397,2,
9,0.003,0,0
8,0.855,0,0
7,0.532,2,
5,0.636,1,0
4,0.092,2,
5,0.185,2,
4,0.481,1,0
4,0.152,0,1
6,0.374,2,
7,0.012,0,0
6,0.021,0,0
4,0.519,2,
3,0.075,1,0
4,1.483,1,0
5,0.265,0,1
5,0.024,2,
4,0.049,0,0
4,0.092,2,
4,0.125,2,
4,0.219,0,0
4,0.422,1,0
4,0.72,0,0
3,0.09,1,0
4,0.03,2,
3,0.263,1,0
3,0.614,2,
3,0.563,1,0
1,0.016,2,
4,0.803,0,0
3,0.146,1,0
3,0.943,2,
2,1.238,2,
2,0.005,1,0
2,0.058,2,
2,0.059,1,0
1,0.01,2,
2,0.516,1,0
2,0.201,1,0
1,0.156,2,
1,0.137,1,0
1,0.344,1,0
1,0,0,0
8,0.198,0,0
5,0.485,0,0
7,0.535,0,0
7,0.003,1,1
5,0.268,2,
5,0.676,2,
4,0.003,0,0
5,0.979,0,1
4,0.504,1,1
4,0.101,0,0
3,0.027,2,
1,0.003,2,
1,1.421,2,
1,0.467,0,0
7,0.252,2,
6,0.101,2,
7,0.076,1,0
5,0.659,0,0
6,0.008,0,0
6,0.663,1,0
6,0.141,1,0
6,0.162,0,0
5,0.423,0,0
5,0.422,1,0
3,0.721,2,
4,0.067,2,
3,0.836,2,
3,0.137,1,1
4,0.088,2,
4,0.051,2,
4,0,1,0
4,0.129,2,
4,0.423,0,0
4,0.363,2,
4,0.943,0,0
4,0.169,2,
3,0,1,1
4,0.465,0,0
3,0.527,1,1
2,0.165,2,
3,0.504,0,0
3,0.144,0,0
2,0.254,2,
2,0.003,2,
3,0.536,0,0
2,0.09,1,0
1,0.648,2,
1,0.151,2,
1,0.262,2,
1,0.309,1,1
1,0.011,0,0
1,0.108,1,0
1,0.286,1,1
1,0.309,0,0
1,0.014,0,0
6,0.003,2,
6,0.032,0,0
6,0.005,0,0
5,0.269,1,0
6,0.152,2,
6,0.059,2,
6,0.509,0,0
4,0.009,1,0
5,0.597,0,0
4,0.28,0,0
4,1.669,0,0
5,0.041,0,0
4,0.109,0,0
3,0.005,2,
3,0.172,2,
3,0.806,1,0
4,0.053,0,0
4,0.051,0,0
4,0.409,0,0
3,0.107,1,0
3,0.171,2,
2,0.183,2,
3,0.08,1,0
2,0.332,2,
3,0.45,0,0
3,0.019,0,0
2,0.247,2,
2,0.228,2,
1,0.732,2,
1,0.152,2,
2,0.003,0,0
1,0.027,1,0
1,0.01,2,
1,0.095,0,0
1,0.128,2,
1,0.306,0,0
1,0.545,0,0
4,0.005,0,0
8,0.208,2,
5,0.402,1,0
5,0.003,1,0
6,0.021,1,0
5,0.017,0,
6,1.125,2,
5,0.555,2,
4,0.183,2,
4,0.579,0,0
5,0.791,0,1
5,0.206,2,
4,0.4,1,1
4,0.159,0,0
5,0.44,0,0
5,0.208,0,0
5,1.357,0,0
4,0.017,2,
3,0.212,1,1
4,0.151,0,1
4,0.65,0,0
3,0.003,0,0
4,1.323,0,0
3,0.004,2,
2,0.233,2,
4,0.11,2,
4,0.1,0,0
3,0.053,0,0
2,0.003,1,0
2,0.283,2,
3,0.293,1,1
1,0.204,2,
2,0.06,2,
1,0.165,2,
2,0.09,0,0
2,0.005,1,0
1,0.013,2,
1,0,1,1
1,0.142,2,
1,0.125,0,0
1,0.19,0,0
6,0.269,1,0
7,0.005,2,
6,0.061,1,0
7,0.231,1,0
6,0,0,0
5,0.121,2,
5,0.113,0,0
5,0.003,1,0
4,0.362,1,0
5,0.219,2,
4,0.008,0,0
3,0.171,2,
4,0.064,0,0
4,0.171,1,0
3,0.44,0,0
2,0.014,2,
3,0.384,2,
3,1.421,2,
3,0.016,0,0
4,0.369,0,0
3,0.567,2,
2,0.053,2,
2,0.153,2,
2,0.198,1,0
1,0.215,2,
2,0.101,0,1
1,0.094,1,1
1,0.111,1,1
1,0.013,1,0
1,0.638,1,0
1,0.288,1,0
1,0.134,0,1
1,0.029,0,0
1,0.306,0,0
1,0.219,0,0
7,0.003,2,
7,0.617,0,0
5,0.728,2,
7,0.304,0,0
5,0.868,0,0
7,0.003,2,
7,0.111,1,1
5,0.007,2,
5,0.219,2,
4,0.07,1,0
6,0.003,1,0
5,0.408,0,0
5,0.305,2,
5,0.253,2,
5,0.057,0,0
4,0.077,1,1
3,0.115,2,
3,0.262,2,
4,0.039,0,1
2,0.374,2,
3,0.057,2,
3,0.177,0,0
3,0.005,2,
2,0.045,2,
4,0.244,0,1
3,0.237,1,1
3,0.023,2,
2,0.113,1,0
1,0.247,2,
2,0.709,0,1
1,0.06,2,
1,0.545,1,0
1,0.553,1,1
2,0.205,0,0
1,0.218,2,
1,0.241,2,
2,0.098,0,0
2,0.28,0,1
1,0.049,2,
1,0.052,2,
1,0.011,0,0
1,0.029,0,0
1,1.079,0,0
1,0.089,0,0
1,0.231,0,0
9,0.807,2,
8,0.097,1,0
7,0.201,1,0
6,0.008,1,1
6,0.03,0,0
7,0.355,0,0
5,0.117,0,0
6,0.033,0,1
8,0.022,1,0
5,0.107,2,
4,0.008,2,
6,0.152,0,0
4,0,2,
5,0.068,0,0
4,0.507,2,
7,0.26,1,0
4,0.208,0,0
5,0.026,1,1
4,0.003,0,1
4,1.75,2,
4,0.714,1,0
5,0.212,0,0
3,0.008,1,0
4,0.003,2,
4,0.116,0,0
3,0.09,2,
3,0,2,
3,0.55,2,
5,0.255,2,
3,0.144,1,0
3,0.347,0,0
4,0.465,2,
3,0.098,0,0
4,0.208,2,
3,0.104,0,0
3,0.775,1,1
3,0.052,0,0
2,0.008,1,0
3,0.231,0,0
3,0,0,0
2,0.569,0,0
2,0.12,0,0
2,0.583,1,0
2,0.18,0,0
1,0.456,2,
1,0.307,1,0
1,0.114,0,0
1,1.713,0,1
6,0.094,2,
7,0.175,0,0
5,0.02,2,
4,0.211,1,1
6,0.143,0,0
6,0.013,2,
5,0.07,1,1
5,0.008,0,0
6,0.123,0,0
5,0.231,0,1
4,0.673,0,1
4,0.121,2,
4,0.088,1,1
5,0.389,1,0
5,0.123,1,0
4,0.057,2,
4,0.031,1,0
4,0.01,0,0
3,0.321,1,0
3,0.395,2,
1,0.067,1,0
2,0.567,2,
2,0.553,2,
2,0.041,1,0
2,0.072,0,0
2,0.597,0,0
1,0.215,2,
2,0.152,0,0
1,0.174,0,0
1,0.536,0,0
1,0.11,0,0
7,0.066,1,0
6,0.526,2,
6,0.525,1,0
6,0.21,2,
6,0.514,1,0
5,0.306,2,
5,0.321,1,0
5,0.087,0,0
4,0.003,2,
4,0.259,1,0
4,0.822,2,
5,0.579,1,0
3,0.09,2,
4,0.011,2,
3,0.486,2,
4,0.057,1,0
2,0.223,2,
3,0,1,0
3,0.011,1,0
2,0.005,2,
3,0.367,1,0
3,0.08,0,0
4,0.016,1,0
3,0.029,2,
2,0.68,2,
3,0.073,1,0
3,0.098,0,1
2,0.355,2,
2,0.014,2,
2,0.283,0,0
1,0.178,1,0
1,0.087,2,
2,0.206,2,
1,0.051,2,
1,0.553,1,0
1,0.165,1,1
1,0.137,1,0
1,0.484,0,0
6,0.499,1,0
5,0.579,2,
5,0.295,0,0
6,0.097,0,0
4,0.123,1,1
6,0.157,2,
7,0.113,1,0
6,0.62,1,0
6,0.009,0,0
6,0.072,2,
6,0.341,0,0
6,0.357,1,0
4,0.04,0,0
5,0,0,1
5,0.171,0,0
6,0.005,0,0
5,0.366,2,
3,0.035,2,
5,0.314,1,0
4,0.005,2,
2,0.011,2,
5,0.553,0,1
4,0.144,0,0
4,0.003,1,0
4,0.172,0,1
3,0.082,2,
3,0.119,1,0
3,0.278,2,
3,0,2,
3,0.325,2,
2,0.363,2,
1,0.017,2,
2,1.295,0,0
2,0.115,2,
2,0.004,0,0
1,0.133,2,
1,0.016,2,
1,0.197,1,1
1,0.538,1,1
1,0.121,1,0
1,0.617,0,1
1,0.977,2,
1,0.006,1,0
1,0.842,0,0
1,0.733,0,0
1,0.009,0,0
6,0.029,1,0
5,0.164,2,
6,0,0,0
5,0.202,2,
6,0.084,1,1
6,0.597,0,0
4,0.046,1,1
4,0.003,2,
5,0.28,0,0
4,0.003,2,
4,0.324,0,0
2,0.003,1,0
2,0.489,2,
2,0.09,0,0
2,0.26,0,0
1,0.505,2,
1,0.113,2,
1,0.99,1,0
1,0.491,1,1
1,0.01,1,0
1,0.637,1,0
1,0.332,0,0
7,0.054,1,1
7,0.151,0,0
6,0.141,2,
4,0.051,0,0
5,0.069,0,0
5,0.083,0,0
5,0.705,0,0
4,0.191,2,
5,0.486,2,
4,0.006,0,0
4,0.073,0,0
3,0.074,1,0
3,0.005,0,1
3,0.219,1,0
4,0.09,0,0
2,0.306,2,
3,0.02,1,0
3,0.163,0,1
2,0.517,2,
3,0.203,0,0
2,0.009,0,0
2,0.409,0,0
3,0.496,1,0
2,0.006,1,0
3,0.423,0,0
2,0.27,2,
1,0.391,2,
1,0.617,2,
1,0.021,1,0
1,0.065,2,
1,0.911,1,1
1,0.391,0,0
1,0.087,0,0
1,0.011,0,0
4,0.556,2,
5,0.009,0,1
3,0.093,2,
4,0.094,2,
4,0.37,1,0
3,0.257,2,
4,0.985,2,
3,0.003,1,1
2,0.024,2,
4,0.009,0,1
3,0.679,0,0
3,0.005,0,0
3,0.074,1,1
3,0.014,2,
2,0.003,2,
3,0.003,1,0
1,0.087,2,
2,0,2,
2,0.003,2,
2,,1,0
2,0.433,0,0
1,0.539,1,0
2,0.072,0,1
2,0.208,0,0
1,0.401,1,1
1,0.014,2,
2,0.148,0,0
1,0.044,1,0
1,0.008,1,0
1,0.012,0,1
5,0.298,1,0
7,0.292,2,
7,0.01,1,0
6,0.044,1,0
6,0.01,0,0
4,0.01,1,0
5,0.208,2,
4,0.125,0,1
6,0.504,1,1
4,0.153,0,0
4,0.088,1,0
4,1.125,0,1
5,0.133,2,
4,0.077,0,0
4,0.098,0,0
4,0.178,0,0
4,0.36,0,0
4,0.615,1,0
4,0.064,0,0
3,0.264,2,
3,0.136,1,
3,0.01,0,0
3,0.231,2,
3,0.55,2,
3,0.033,0,0
2,0.067,2,
3,0.355,1,0
2,0.226,0,0
2,0.118,0,0
2,0.18,0,0
2,0.036,0,0
1,0.265,1,1
1,0.165,2,
1,0.265,0,0
1,1.478,1,0
1,0.03,1,0
1,0.011,0,0
7,0.118,0,0
6,0.718,2,
6,0.507,1,1
6,0.172,2,
6,0.203,0,0
5,0.021,1,1
5,0.003,2,
4,0.088,2,
4,0.131,1,0
4,0.003,0,0
6,0.022,2,
5,0.253,0,0
4,0.105,0,0
3,0.005,2,
4,0.049,1,1
4,0.017,0,1
4,0.202,1,0
5,0.041,1,0
6,0.259,0,0
3,0,0,0
4,0.221,0,0
4,0.014,1,0
4,0.485,0,0
2,0.225,0,0
4,0.078,1,0
3,0.09,1,1
2,0.155,2,
3,0.018,1,0
2,0.056,2,
2,0.201,1,1
2,0.075,0,1
3,0.111,0,0
3,0.095,1,0
1,1.374,2,
2,0.825,2,
1,0.005,1,0
1,0.054,2,
1,0.669,2,
1,0.572,2,
1,0.003,1,0
1,0.02,1,1
1,1.046,0,0
1,0.857,1,0
1,0.003,0,0
1,0.309,0,0
1,0.642,0,0
8,1.238,2,
6,0.637,0,0
7,0.886,2,
8,0.129,1,0
8,0.041,1,0
7,0,0,0
4,0.162,2,
6,0.025,1,0
4,0.01,2,
5,0.042,0,0
4,0.3,1,1
5,0.025,1,0
5,0.011,0,1
4,0.637,2,
3,0.697,1,0
4,0.049,2,
3,0.099,2,
5,0.901,1,0
4,0.535,0,1
5,0.064,1,0
5,0.102,1,0
3,0.132,2,
4,0.366,2,
4,0.247,2,
3,0.397,2,
4,0.248,0,0
3,1.052,0,1
3,0.866,2,
3,0.085,2,
3,0.411,2,
2,0.187,2,
3,0.004,0,0
2,0.003,1,0
2,0.445,0,1
2,0.014,2,
2,0.008,1,0
1,0.076,2,
2,0.007,0,0
1,0.165,2,
2,0.003,0,0
1,0.292,2,
1,0.113,2,
1,0.003,1,0
1,0.015,1,1
1,0.105,0,0
7,0.031,1,1
6,0.123,1,1
6,0.443,1,0
4,0.116,1,0
6,0.063,0,1
4,0.079,2,
5,0.051,0,0
4,0.021,0,0
5,0.014,1,0
4,0.094,1,1
4,0.367,1,0
3,0.083,0,0
3,0.516,2,
3,0.19,1,0
2,0.514,1,0
1,0.015,2,
2,0.127,2,
1,0.005,2,
1,,0,0
5,0.059,1,0
7,0.087,0,0
5,0.519,2,
6,0.367,0,1
5,0.034,0,0
4,0.052,1,
4,0.113,1,0
5,0.1,2,
5,0.658,1,1
5,0.408,1,0
5,0.201,2,
3,0.311,0,0
5,0.068,0,0
4,0.003,0,1
5,0.025,0,0
4,0.481,0,0
2,0.029,2,
4,0.302,0,0
2,0.066,2,
3,0.607,0,0
3,0.09,1,0
1,0.003,1,1
2,0.346,1,0
2,0.575,2,
2,0.42,0,0
1,0.567,2,
1,0.62,2,
1,0.198,2,
1,0.108,2,
5,0.03,1,0
7,0.132,0,0
5,0.544,2,
5,0.144,2,
6,0.07,0,0
7,0.129,1,1
7,0.049,2,
5,0.763,2,
7,0.003,0,0
5,0.579,0,1
4,0.047,1,0
6,0.03,0,0
5,0.083,0,0
4,0.132,2,
4,0.095,0,0
2,0.032,1,0
4,0.283,1,0
3,0.003,2,
4,0.022,0,0
3,0.077,0,0
3,0.499,0,0
3,0.051,2,
2,0.511,2,
2,0.115,2,
3,0.057,1,0
1,0.328,2,
2,0.003,1,0
2,0.813,1,0
2,0.114,2,
1,0.012,0,1
1,0.255,2,
1,0.275,1,0
1,0.383,1,0
1,0.505,1,1
1,0.115,1,1
1,0.172,1,0
1,0.484,0,0
1,0.054,0,0
1,0.273,0,1
1,0.082,0,0
6,0.024,1,0
4,0.464,2,
5,0.024,1,
6,0.008,0,0
5,0.134,2,
4,0.051,2,
4,0.045,1,0
3,0.305,1,0
6,0.062,0,0
5,0.025,1,0
4,0.597,1,1
4,0.803,1,
3,0.074,1,0
5,0.071,0,0
3,0.005,1,1
2,0.395,2,
3,0.145,0,0
4,0.003,2,
4,0.051,0,0
4,0.21,0,0
2,0.022,1,0
3,0.003,0,0
1,0.329,1,0
3,0.496,2,
3,0.357,1,1
1,0.062,2,
3,0.469,1,0
2,0.28,1,0
1,0.183,2,
2,0.072,1,0
1,0.003,2,
2,0.015,0,0
1,0.054,2,
1,0.204,1,0
1,0.522,0,0
1,0.039,1,0
1,0.801,0,0
1,0.021,0,0
1,0.03,0,0
1,0.226,0,0
5,0.055,1,0
5,0.422,0,0
5,0.382,1,0
6,0.187,0,0
4,0.663,1,0
4,0.1,2,
4,0.592,0,0
5,0.085,2,
3,0.011,2,
4,0.467,1,0
4,0.234,1,0
3,0.071,0,1
2,0.006,2,
3,0.216,0,1
2,0.285,2,
2,0.62,2,
2,0.217,0,0
3,0.003,0,0
2,0.19,1,0
1,0.022,2,
2,0.007,0,0
2,0.24,0,0
1,0.012,0,0
1,0.005,0,0
7,0.206,2,
7,0.003,0,0
6,0.378,2,
5,0.198,1,0
5,0.259,1,0
3,0.115,2,
6,0.077,0,0
4,0.065,2,
6,0.147,1,1
4,0.125,2,
4,0.293,2,
5,0.305,1,1
5,0.141,0,0
4,0.121,2,
4,0.053,2,
3,0.09,0,0
4,0.049,0,0
4,0.005,0,1
3,0.569,2,
3,0.031,2,
5,0.256,1,0
3,0.063,1,1
4,0.021,2,
4,0.015,2,
4,0.075,1,0
4,0.036,0,1
3,0.006,1,0
3,0.155,2,
3,0.023,1,0
3,0.383,1,0
2,0.267,2,
2,0.021,2,
2,0.082,2,
2,0.012,2,
2,0.246,1,0
3,0.05,0,0
2,0.795,1,0
1,0.085,2,
1,0.072,2,
1,0.01,1,0
1,0.125,1,0
1,0.087,1,0
1,0.037,1,0
1,0.065,0,0
7,0.519,2,
6,0.046,2,
6,0.03,1,0
7,0.017,1,0
6,0.321,0,0
4,0.165,2,
7,0.49,0,0
5,0.01,1,0
6,0.122,1,0
5,0.258,0,0
4,0.065,0,1
5,0.126,1,0
5,0.004,0,1
5,0.003,1,0
6,0.138,2,
4,0.04,2,
6,0.047,0,0
5,0.017,2,
5,0.08,2,
4,0.051,2,
4,0.097,2,
4,0.876,1,1
5,0.531,1,1
4,0.121,0,0
5,0.738,2,
5,0.547,0,0
4,0.364,0,0
4,0.108,0,0
3,0.195,1,1
4,0,0,0
3,0.164,1,0
4,0.103,0,0
3,0.085,0,0
3,0.069,2,
2,0.397,2,
3,0.273,1,0
3,0.059,1,0
1,0.059,2,
2,0.254,1,0
1,0.409,2,
2,0,0,0
1,0.005,2,
2,0.396,1,0
1,0.012,2,
1,0.628,1,0
1,0.003,1,1
1,0.824,1,0
1,0.726,0,0
7,0.686,1,0
6,0.35,2,
6,0.003,0,0
5,0.076,2,
7,0.047,0,0
4,0.17,0,0
5,0.211,2,
5,0.567,2,
6,0.005,1,0
5,0.363,2,
4,0.423,1,0
4,0,2,
5,0.157,0,0
5,0.409,2,
5,0.887,0,0
4,0.008,2,
4,0.056,0,0
4,0.201,2,
2,0.1,2,
4,0.188,0,0
3,0.106,2,
4,0.236,0,0
4,0.777,0,0
3,0.399,0,1
3,0.12,0,0
3,0.057,1,0
2,0.087,1,0
2,0.041,2,
3,0.08,1,0
2,0.025,0,0
1,0.597,2,
1,0.16,2,
2,0.025,0,0
1,0.005,2,
1,0.025,1,0
1,0.107,0,0
6,0.126,2,
6,0.039,2,
5,0.005,2,
6,0.098,2,
7,0.11,2,
6,0.028,0,0
5,0.021,2,
6,0.225,0,0
5,0.167,2,
6,0.117,1,0
5,0.579,0,0
5,0.137,1,0
5,0.211,1,1
4,0.059,1,1
4,0.057,0,0
5,0.385,0,0
4,0.166,0,0
4,0.307,1,0
5,0.7,0,0
3,0.016,0,0
3,0.003,2,
3,0.253,2,
3,0.211,2,
4,0.054,0,0
4,0.006,0,0
4,0.243,1,1
3,0.977,1,0
4,0.08,0,0
2,0.01,2,
3,0.237,0,0
2,0.091,1,1
2,0.005,0,0
2,0.341,1,0
2,0.039,0,1
1,0.649,2,
1,0,1,0
1,0.572,1,0
1,0.144,1,0
1,0.005,1,1
1,0.008,0,0
1,0.005,0,0
5,0.003,2,
6,0.775,2,
6,0.26,0,0
6,0.041,0,0
5,0.134,1,0
6,0.028,0,0
6,0.094,0,0
6,0.159,1,1
5,0.341,2,
5,0.09,1,1
5,0.569,1,1
6,0.426,0,0
4,0.08,2,
5,0.153,2,
4,0.152,1,0
5,0.319,0,0
4,0.25,2,
5,0.237,0,0
3,0.072,1,0
3,0.051,1,0
3,0.456,0,1
5,0.01,0,0
3,0.003,0,0
3,0.009,1,1
2,0.239,2,
3,0.134,1,0
2,0.036,0,0
2,0.096,0,0
1,0.091,2,
2,0.073,0,0
2,0.574,0,0
1,0.679,2,
3,0.316,0,0
1,0.059,2,
1,0.108,2,
2,0.046,1,0
1,0.003,0,1
1,0.485,0,0
6,0.003,2,
7,0.321,1,1
6,0.125,0,1
6,0.08,2,
5,0.47,2,
6,0,2,
6,0.949,1,1
5,0.1,2,
6,0.031,2,
5,0.03,2,
7,0.036,1,0
7,0.054,0,1
6,0.368,0,0
5,0.049,2,
5,0.13,0,1
6,0.409,0,0
4,0.47,2,
5,0.013,0,0
4,0.152,0,0
3,0.242,0,0
3,0.979,2,
4,0.865,1,0
4,0.171,0,1
3,0.949,1,0
3,0.36,1,0
3,0.311,0,1
3,1.771,0,0
3,0.225,1,1
2,0.01,1,0
2,0.333,2,
1,0.183,2,
1,0.242,1,0
1,0.046,1,0
1,0.019,0,0
1,0.227,0,0
5,0.136,1,0
7,0.3,0,0
5,0.005,2,
6,0.025,2,
8,0.083,0,0
4,0.166,2,
5,0.044,1,0
6,0.01,0,0
4,0.071,2,
4,0.24,1,0
5,0.057,1,0
4,0.207,2,
4,0.013,0,1
4,0.975,1,0
3,0.19,1,0
4,0.323,2,
4,0,0,0
4,0.188,0,0
4,0.094,0,0
2,0.171,2,
2,0,2,
2,0.389,1,0